num,id,name,year,rank,average,bayes_average,users_rated,url,thumbnail
105,30549,Pandemic,2008,106,7.59,7.487,108975,/boardgame/30549/pandemic,https://cf.geekdo-images.com/S3ybV1LAp-8SnHIXLLjVqA__micro/img/S4tXI3Yo7BtqmBoKINLLVUFsaJ0=/fit-in/64x64/filters:strip_icc()/pic1534148.jpg
189,822,Carcassonne,2000,190,7.42,7.309,108738,/boardgame/822/carcassonne,https://cf.geekdo-images.com/okM0dq_bEXnbyQTOvHfwRA__micro/img/VfLoKzfk3xj26ArmDu55qZ4sysw=/fit-in/64x64/filters:strip_icc()/pic6544250.png
428,13,Catan,1995,429,7.14,6.97,108024,/boardgame/13/catan,https://cf.geekdo-images.com/W3Bsga_uLP9kO91gZ7H8yw__micro/img/LA4OvGfQ_TXQ-2mhaIFZp2ITWpc=/fit-in/64x64/filters:strip_icc()/pic2419375.jpg
72,68448,7 Wonders,2010,73,7.74,7.634,89982,/boardgame/68448/7-wonders,https://cf.geekdo-images.com/RvFVTEpnbb4NM7k0IF8V7A__micro/img/9glsOs7zoTbkVpfDt5SHWJm-kRA=/fit-in/64x64/filters:strip_icc()/pic860217.jpg
103,36218,Dominion,2008,104,7.61,7.499,81561,/boardgame/36218/dominion,https://cf.geekdo-images.com/j6iQpZ4XkemZP07HNCODBA__micro/img/PVxqHWOLTb3n-4xe62LJadr_M0I=/fit-in/64x64/filters:strip_icc()/pic394356.jpg
191,9209,Ticket to Ride,2004,192,7.41,7.305,76171,/boardgame/9209/ticket-ride,https://cf.geekdo-images.com/ZWJg0dCdrWHxVnc0eFXK8w__micro/img/79tvkijvf1wFKrKz-FWt77XdIbw=/fit-in/64x64/filters:strip_icc()/pic38668.jpg
100,178900,Codenames,2015,101,7.6,7.508,74419,/boardgame/178900/codenames,https://cf.geekdo-images.com/F_KDEu0GjdClml8N7c8Imw__micro/img/w38Q9MZMQK80Att5GcODbCGufDk=/fit-in/64x64/filters:strip_icc()/pic2582929.jpg
3,167791,Terraforming Mars,2016,4,8.42,8.274,74216,/boardgame/167791/terraforming-mars,https://cf.geekdo-images.com/wg9oOLcsKvDesSUdZQ4rxw__micro/img/LUkXZhd1TO80eCiXMD3-KfnzA6k=/fit-in/64x64/filters:strip_icc()/pic3536616.jpg
15,173346,7 Wonders Duel,2015,16,8.11,7.984,69472,/boardgame/173346/7-wonders-duel,https://cf.geekdo-images.com/WzNs1mA_o22ZWTR8fkLP2g__micro/img/xh3isprMbt_FCg9vs3w_ifv-JXY=/fit-in/64x64/filters:strip_icc()/pic3376065.jpg
35,31260,Agricola,2007,36,7.93,7.809,66093,/boardgame/31260/agricola,https://cf.geekdo-images.com/dDDo2Hexl80ucK1IlqTk-g__micro/img/SZgGqufNqaW8BCFT29wkYPaRXOE=/fit-in/64x64/filters:strip_icc()/pic831744.jpg
30,3076,Puerto Rico,2002,31,7.97,7.838,65443,/boardgame/3076/puerto-rico,https://cf.geekdo-images.com/QFiIRd2kimaMqTyWsX0aUg__micro/img/ggNIAA1GEadqvcY7Mvwb9_VEybU=/fit-in/64x64/filters:strip_icc()/pic158548.jpg
182,148228,Splendor,2014,183,7.44,7.324,64698,/boardgame/148228/splendor,https://cf.geekdo-images.com/rwOMxx4q5yuElIvo-1-OFw__micro/img/VaWkmRffgWdhbynm-GUM4anrlic=/fit-in/64x64/filters:strip_icc()/pic1904079.jpg
13,169786,Scythe,2016,14,8.22,8.064,64569,/boardgame/169786/scythe,https://cf.geekdo-images.com/7k_nOxpO9OGIjhLq2BUZdA__micro/img/ETplc22GdhlN5u0mppcDxSP8LVk=/fit-in/64x64/filters:strip_icc()/pic3163924.jpg
279,40692,Small World,2009,280,7.25,7.153,64559,/boardgame/40692/small-world,https://cf.geekdo-images.com/aoPM07XzoceB-RydLh08zA__micro/img/COJIGGzrRYkdzevvZ7TMmy2UV78=/fit-in/64x64/filters:strip_icc()/pic428828.jpg
130,14996,Ticket to Ride: Europe,2005,131,7.54,7.424,63264,/boardgame/14996/ticket-ride-europe,https://cf.geekdo-images.com/0K1AOciqlMVUWFPLTJSiww__micro/img/fNo9_FY6sdu7szEouS2v9IVjHfI=/fit-in/64x64/filters:strip_icc()/pic66668.jpg
57,230802,Azul,2017,58,7.8,7.686,62802,/boardgame/230802/azul,https://cf.geekdo-images.com/tz19PfklMdAdjxV9WArraA__micro/img/N7xRslgynWzB3aObMBI9F1yKfQ8=/fit-in/64x64/filters:strip_icc()/pic3718275.jpg
344,70323,King of Tokyo,2011,345,7.17,7.073,61099,/boardgame/70323/king-tokyo,https://cf.geekdo-images.com/m_RzXpHURC0_xLkvRSR_sw__micro/img/os4ChJCgP0VGLN9WU1Ea6c4z6CE=/fit-in/64x64/filters:strip_icc()/pic3043734.jpg
292,129622,Love Letter,2012,293,7.23,7.141,59467,/boardgame/129622/love-letter,https://cf.geekdo-images.com/T1ltXwapFUtghS9A7_tf4g__micro/img/Qiu0VH-5VxmCUkISsvN5-dRlrKw=/fit-in/64x64/filters:strip_icc()/pic1401448.jpg
47,2651,Power Grid,2004,48,7.84,7.738,58602,/boardgame/2651/power-grid,https://cf.geekdo-images.com/yd6LuatytHRhcFCxCf-EEg__micro/img/ZUrGKfXAZS4AztFRXq2W9oD6TG4=/fit-in/64x64/filters:strip_icc()/pic4459753.jpg
22,266192,Wingspan,2019,23,8.1,7.944,56079,/boardgame/266192/wingspan,https://cf.geekdo-images.com/yLZJCVLlIx4c7eJEWUNJ7w__micro/img/5ZaRePVhfelfofF7T_OC1e0gUCw=/fit-in/64x64/filters:strip_icc()/pic4458123.jpg
297,39856,Dixit,2008,298,7.24,7.133,54497,/boardgame/39856/dixit,https://cf.geekdo-images.com/uSgzS-SClISqDkYRCdUq6g__micro/img/-Jb5JDZlNfelQUUHGENNZsGUelo=/fit-in/64x64/filters:strip_icc()/pic3483909.jpg
93,163412,Patchwork,2014,94,7.64,7.535,52190,/boardgame/163412/patchwork,https://cf.geekdo-images.com/wLW7pFn0--20lEizEz5p3A__micro/img/HGRTd0C4poFciUwMZzBt6On1R3Y=/fit-in/64x64/filters:strip_icc()/pic2270442.jpg
14,84876,The Castles of Burgundy,2011,15,8.13,8.008,50549,/boardgame/84876/castles-burgundy,https://cf.geekdo-images.com/5CFwjd8zTcGYVUnkXh04hw__micro/img/N1VrEUaW6bmwnqbZfi2nRScwGxM=/fit-in/64x64/filters:strip_icc()/pic1176894.jpg
426,478,Citadels,2000,427,7.08,6.97,50181,/boardgame/478/citadels,https://cf.geekdo-images.com/42iW4E-vOumFXRQAiSf-GA__micro/img/nUakVroTbUtDZX2uMWTz87rNQ68=/fit-in/64x64/filters:strip_icc()/pic3239104.jpg
67,28143,Race for the Galaxy,2007,68,7.76,7.651,48906,/boardgame/28143/race-galaxy,https://cf.geekdo-images.com/-DOqixs8uwKUvvWPKI4f9w__micro/img/Fz_qRw_ZHI9TfZXY0b4YZ6zfT7o=/fit-in/64x64/filters:strip_icc()/pic5261714.jpg
75,110327,Lords of Waterdeep,2012,76,7.75,7.619,48655,/boardgame/110327/lords-waterdeep,https://cf.geekdo-images.com/-hk8f8iGk_DyWyMrfiPBkg__micro/img/tWSg9ErrwvVcwaE1Kze1IsxwpGg=/fit-in/64x64/filters:strip_icc()/pic1116080.jpg
0,174430,Gloomhaven,2017,1,8.74,8.511,47827,/boardgame/174430/gloomhaven,https://cf.geekdo-images.com/sZYp_3BTDGjh2unaZfZmuA__micro/img/sQyh47ClBO3d5sxPm73hMvM-JV4=/fit-in/64x64/filters:strip_icc()/pic2437871.jpg
124,34635,Stone Age,2008,125,7.55,7.44,47245,/boardgame/34635/stone-age,https://cf.geekdo-images.com/elmZegVZ6gp4_5izUgxGQQ__micro/img/GBNMM8kmp6Dlnel0EG4HN7lDTwo=/fit-in/64x64/filters:strip_icc()/pic1632539.jpg
1,161936,Pandemic Legacy: Season 1,2015,2,8.59,8.442,45041,/boardgame/161936/pandemic-legacy-season-1,https://cf.geekdo-images.com/-Qer2BBPG7qGGDu6KcVDIw__micro/img/n6-sXYD6XXZoqIxq4P6AG7VPCuA=/fit-in/64x64/filters:strip_icc()/pic2452831.png
772,65244,Forbidden Island,2010,773,6.78,6.688,44513,/boardgame/65244/forbidden-island,https://cf.geekdo-images.com/JgAkEBUaiHOsOS94iRMs2w__micro/img/hUGdb5rZboKkpZDJpaYDV9v11w8=/fit-in/64x64/filters:strip_icc()/pic646458.jpg
4795,1927,Munchkin,2001,4796,5.89,5.717,43750,/boardgame/1927/munchkin,https://cf.geekdo-images.com/J-ts3MW0UhDzs621TR6cog__micro/img/eO0VqnPlr5OJmTMbIOl4QmxheRo=/fit-in/64x64/filters:strip_icc()/pic1871016.jpg
12,12333,Twilight Struggle,2005,13,8.28,8.113,43052,/boardgame/12333/twilight-struggle,https://cf.geekdo-images.com/pNCiUUphnoeWOYfsWq0kng__micro/img/ZlfJiIATIt5MY7xWSMzFmdygaa0=/fit-in/64x64/filters:strip_icc()/pic3530661.jpg
17,120677,Terra Mystica,2012,18,8.12,7.966,41806,/boardgame/120677/terra-mystica,https://cf.geekdo-images.com/bre12I1YiXkZr7elvriz4A__micro/img/SAwaBrDhHbGuq6dFY-ok95qFMcU=/fit-in/64x64/filters:strip_icc()/pic5375624.jpg
424,98778,Hanabi,2010,425,7.07,6.975,41572,/boardgame/98778/hanabi,https://cf.geekdo-images.com/JDVksMwfcqoem1k_xtZrOA__micro/img/BfKY9rPYUCM74XL8113xBQyGEIk=/fit-in/64x64/filters:strip_icc()/pic2007286.jpg
141,150376,Dead of Winter: A Crossroads Game,2014,142,7.54,7.392,41398,/boardgame/150376/dead-winter-crossroads-game,https://cf.geekdo-images.com/g4mV4BH-ZrhMUVgil-yV1A__micro/img/ZhSCXIt8SnBX5rB2WcwLz3bSM3s=/fit-in/64x64/filters:strip_icc()/pic3016500.jpg
144,54043,Jaipur,2009,145,7.5,7.391,41188,/boardgame/54043/jaipur,https://cf.geekdo-images.com/_LTujSe_o16nvjDC-J0seA__micro/img/TzQQUqVL-EmizAadFNg9B_cgu-Y=/fit-in/64x64/filters:strip_icc()/pic5100947.jpg
472,11,Bohnanza,1997,473,7.04,6.935,40098,/boardgame/11/bohnanza,https://cf.geekdo-images.com/8SADtu_4zBH_UJrCo935Iw__micro/img/h7UKVnxQf4sFlRKTreI4s9LjpGM=/fit-in/64x64/filters:strip_icc()/pic6348964.jpg
550,10547,Betrayal at House on the Hill,2004,551,7.06,6.848,39644,/boardgame/10547/betrayal-house-hill,https://cf.geekdo-images.com/lqmt2Oti_qJS65XqHcB8AA__micro/img/zIEsV9_V8WN9ylHsYXq943NEAVk=/fit-in/64x64/filters:strip_icc()/pic5146864.png
323,50,Lost Cities,1999,324,7.19,7.091,39514,/boardgame/50/lost-cities,https://cf.geekdo-images.com/AL5D-dXabY-Lk3PqIFk_0g__micro/img/egCl5r5w1z-09j42C8aT6H0ZbCU=/fit-in/64x64/filters:strip_icc()/pic4597095.jpg
533,131357,Coup,2012,534,7,6.87,38741,/boardgame/131357/coup,https://cf.geekdo-images.com/MWhSY_GOe2-bmlQ2rntSVg__micro/img/iL3opCk77yx3Ea-CFq42fr2Zzvw=/fit-in/64x64/filters:strip_icc()/pic2016054.jpg
123,147020,Star Realms,2014,124,7.58,7.441,38561,/boardgame/147020/star-realms,https://cf.geekdo-images.com/EsJqPL5CB_TMt0MYL-lnVg__micro/img/eelKJsOhi3OHtLnI_YeHwlhWcnk=/fit-in/64x64/filters:strip_icc()/pic1903816.jpg
480,133473,Sushi Go!,2013,481,7.04,6.929,38011,/boardgame/133473/sushi-go,https://cf.geekdo-images.com/EPdI2KbLVtpGWLgL_eJLFg__micro/img/_YWXbqjqSTxGhtJiwo6HV1KVZEc=/fit-in/64x64/filters:strip_icc()/pic5885690.jpg
300,70919,Takenoko,2011,301,7.26,7.131,37998,/boardgame/70919/takenoko,https://cf.geekdo-images.com/uvz-5V6A2R6dp2oWIXmj_g__micro/img/gOlO-vIylsYpFEUx3Yg-g3RU4gY=/fit-in/64x64/filters:strip_icc()/pic1912529.jpg
34,170216,Blood Rage,2015,35,7.99,7.818,37561,/boardgame/170216/blood-rage,https://cf.geekdo-images.com/HkZSJfQnZ3EpS214xtuplg__micro/img/7xdR1_OUo1ReAvYzhi7jBhFMHu0=/fit-in/64x64/filters:strip_icc()/pic2439223.jpg
365,15987,Arkham Horror,2005,366,7.25,7.051,37547,/boardgame/15987/arkham-horror,https://cf.geekdo-images.com/9cJf4kd_HZQo6NunfJlo9w__micro/img/kOmgY2TommKpz2SMS5DjeHBqiQ8=/fit-in/64x64/filters:strip_icc()/pic175966.jpg
296,41114,The Resistance,2009,297,7.27,7.134,37359,/boardgame/41114/resistance,https://cf.geekdo-images.com/cAPTkL2BR3snLO71dkH8rw__micro/img/1do9W6acF9kucghKFoEeEYXrRO0=/fit-in/64x64/filters:strip_icc()/pic2576459.jpg
68,121921,Robinson Crusoe: Adventures on the Cursed Island,2012,69,7.82,7.649,37098,/boardgame/121921/robinson-crusoe-adventures-cursed-island,https://cf.geekdo-images.com/FbFnaTx3aT5dM18K_bR_Pg__micro/img/brcsM5-72GgeBDQg3CSI6VB1Dqo=/fit-in/64x64/filters:strip_icc()/pic3165731.jpg
233,204583,Kingdomino,2016,234,7.35,7.228,36921,/boardgame/204583/kingdomino,https://cf.geekdo-images.com/3h9W8BfB_rltQ48EBmHliw__micro/img/IZZUaqRfMzLAe8W_75bf6dJf1fo=/fit-in/64x64/filters:strip_icc()/pic3132685.png
289,181304,Mysterium,2015,290,7.28,7.146,35241,/boardgame/181304/mysterium,https://cf.geekdo-images.com/wfeAiLK5n5hD1omhnlYLLA__micro/img/h46gu5K43dO5LSTwM-pTIjxP1iI=/fit-in/64x64/filters:strip_icc()/pic2601683.jpg
24,183394,Viticulture Essential Edition,2015,25,8.06,7.895,34760,/boardgame/183394/viticulture-essential-edition,https://cf.geekdo-images.com/l_PRU2lVlX9seScRFcvFlA__micro/img/3EqHlTkNSnZNFHVaAeFSpzfzuIQ=/fit-in/64x64/filters:strip_icc()/pic6500949.jpg
73,157354,Five Tribes,2014,74,7.78,7.631,34577,/boardgame/157354/five-tribes,https://cf.geekdo-images.com/dmo-WD6HZHVUPrbVHunaTw__micro/img/fxKL3MvU00YeEkfeLNdQGUl5rxA=/fit-in/64x64/filters:strip_icc()/pic2055255.jpg
154,463,Magic: The Gathering,1993,155,7.54,7.37,34393,/boardgame/463/magic-gathering,https://cf.geekdo-images.com/CxJmNl4wR4InjqyNrMdBTw__micro/img/2KwThQyxR7-2gJiClbhVHH4q2j0=/fit-in/64x64/filters:strip_icc()/pic163749.jpg
84,37111,Battlestar Galactica: The Board Game,2008,85,7.74,7.565,33961,/boardgame/37111/battlestar-galactica-board-game,https://cf.geekdo-images.com/5Q2w2rFJiFI_uV89KP6ECg__micro/img/KGgAsbHUPaEjsl-r05JCH2ixP1o=/fit-in/64x64/filters:strip_icc()/pic354500.jpg
46,126163,Tzolk'in: The Mayan Calendar,2012,47,7.89,7.741,33207,/boardgame/126163/tzolk-mayan-calendar,https://cf.geekdo-images.com/kXf7mDyDYuHg6oe8yTUIEA__micro/img/3EqJtoxAlTb2pJWxmA7TUu4HWNI=/fit-in/64x64/filters:strip_icc()/pic4604439.jpg
23,205637,Arkham Horror: The Card Game,2016,24,8.16,7.927,33046,/boardgame/205637/arkham-horror-card-game,https://cf.geekdo-images.com/RdCWCXPnBGSxoOhk5Hkq_g__micro/img/TVx3_34ywzwURntW1WMKBx6ZeCg=/fit-in/64x64/filters:strip_icc()/pic6530423.jpg
11,193738,Great Western Trail,2016,12,8.29,8.123,32960,/boardgame/193738/great-western-trail,https://cf.geekdo-images.com/u1l0gH7sb_vnvDvoO_QHqA__micro/img/xeShpQfbj4L1id-ItJbfIYVzgyA=/fit-in/64x64/filters:strip_icc()/pic4887376.jpg
10,162886,Spirit Island,2017,11,8.36,8.133,32199,/boardgame/162886/spirit-island,https://cf.geekdo-images.com/a13ieMPP2s0KEaKNYmtH5w__micro/img/HQaHfx5cy6wJtZBMZCbVeNbfdy8=/fit-in/64x64/filters:strip_icc()/pic3615739.png
69,201808,Clank!: A Deck-Building Adventure,2016,70,7.82,7.648,31984,/boardgame/201808/clank-deck-building-adventure,https://cf.geekdo-images.com/DPjV1iI0ygo5Bl3XLNRiIg__micro/img/5hO7ln_bquTyy4Q__ksB4NT1gMs=/fit-in/64x64/filters:strip_icc()/pic4449526.jpg
259,2655,Hive,2000,260,7.32,7.188,31719,/boardgame/2655/hive,https://cf.geekdo-images.com/fQe85tsBZoH6ibPnm1k1UA__micro/img/vwQ2m-oEzgPoxd0qY1WdkV5VsMI=/fit-in/64x64/filters:strip_icc()/pic791151.jpg
20904,181,Risk,1959,20905,5.59,5.462,31717,/boardgame/181/risk,https://cf.geekdo-images.com/Oem1TTtSgxOghRFCoyWRPw__micro/img/znOtIrO7BqXQp5VpCHb3D0eSXKA=/fit-in/64x64/filters:strip_icc()/pic4916782.jpg
25,237182,Root,2018,26,8.1,7.885,31553,/boardgame/237182/root,https://cf.geekdo-images.com/JUAUWaVUzeBgzirhZNmHHw__micro/img/tdHLiMYfi-KTy89sGBGZVeE9ts0=/fit-in/64x64/filters:strip_icc()/pic4254509.jpg
18,124361,Concordia,2013,19,8.12,7.966,31519,/boardgame/124361/concordia,https://cf.geekdo-images.com/CzwSm8i7tkLz6cBnrILZBg__micro/img/FQyxREkHBn7yTbGmBg7c44eLgaM=/fit-in/64x64/filters:strip_icc()/pic3453267.jpg
197,194655,Santorini,2016,198,7.44,7.297,31502,/boardgame/194655/santorini,https://cf.geekdo-images.com/665Ply7Ho1WVf1v1iZlWeg__micro/img/Rm_hVQbgjC4GtGExcdX4LRUr9xU=/fit-in/64x64/filters:strip_icc()/pic3283110.png
89,146021,Eldritch Horror,2013,90,7.78,7.551,31482,/boardgame/146021/eldritch-horror,https://cf.geekdo-images.com/oxdsZKIX5_3ovDo38EIaeg__micro/img/gx6OxFzIkjvAvXPs8CDcucwwhak=/fit-in/64x64/filters:strip_icc()/pic1872452.jpg
405,157969,Sheriff of Nottingham,2014,406,7.12,6.999,31463,/boardgame/157969/sheriff-nottingham,https://cf.geekdo-images.com/BBgLFKUzr6tcKtlIM2JSFw__micro/img/uC3uIIGLo0BhvJvAqudLvUAAgFQ=/fit-in/64x64/filters:strip_icc()/pic2075830.jpg
87,40834,Dominion: Intrigue,2009,88,7.71,7.554,31220,/boardgame/40834/dominion-intrigue,https://cf.geekdo-images.com/OGOmpi0GgwOwH2y28QgkuA__micro/img/VlsgqS2v915vSCwTPVWFVms0-TY=/fit-in/64x64/filters:strip_icc()/pic460011.jpg
211,31481,Galaxy Trucker,2007,212,7.39,7.267,30960,/boardgame/31481/galaxy-trucker,https://cf.geekdo-images.com/gLFt1Kif5Cfag505_COYYw__micro/img/ASahw-52DR8YMBuZEKT0IMfTR98=/fit-in/64x64/filters:strip_icc()/pic3926631.jpg
429,171,Chess,1475,430,7.15,6.968,30810,/boardgame/171/chess,https://cf.geekdo-images.com/0-DjGBOko6RV8zg5ejhYIg__micro/img/n8JMXbdsFDJFNzBi0FuwcMAHcJU=/fit-in/64x64/filters:strip_icc()/pic260745.jpg
21823,1406,Monopoly,1933,21824,4.37,4.304,30803,/boardgame/1406/monopoly,https://cf.geekdo-images.com/9nGoBZ0MRbi6rdH47sj2Qg__micro/img/-1Mja8HW6fOJdSo-hpYeFN3Bi5o=/fit-in/64x64/filters:strip_icc()/pic5786795.jpg
157,199561,Sagrada,2017,158,7.51,7.365,30298,/boardgame/199561/sagrada,https://cf.geekdo-images.com/PZt3EAAGV3dFIVuwMR0AEw__micro/img/2cQEToClZgtLT-oBM_2CH4wq7rs=/fit-in/64x64/filters:strip_icc()/pic3525224.jpg
153,103343,A Game of Thrones: The Board Game (Second Edition),2011,154,7.58,7.373,30262,/boardgame/103343/game-thrones-board-game-second-edition,https://cf.geekdo-images.com/M_7UvwZvuxBVjxdadsa5AA__micro/img/x2rrNnIkbPJ6WRK4RUR-zi_0qPg=/fit-in/64x64/filters:strip_icc()/pic1077906.jpg
495,6249,Alhambra,2003,496,7.03,6.916,30156,/boardgame/6249/alhambra,https://cf.geekdo-images.com/OiqKsYDh7pqeRYKG__kMSw__micro/img/8_yyl8aIZl81tGDcrA63oEut1Qs=/fit-in/64x64/filters:strip_icc()/pic4893652.jpg
32,102794,Caverna: The Cave Farmers,2013,33,8,7.826,29788,/boardgame/102794/caverna-cave-farmers,https://cf.geekdo-images.com/rz22tqa5PCYvK9oDjIbvxg__micro/img/sog7ni3vUAAfvd66e6XW4iOca4I=/fit-in/64x64/filters:strip_icc()/pic1790789.jpg
60,244521,The Quacks of Quedlinburg,2018,61,7.85,7.678,29635,/boardgame/244521/quacks-quedlinburg,https://cf.geekdo-images.com/pH5LgRL4mNRon-2NsSDb1Q__micro/img/pAWwGfiqFpn-kkzUKexMTZOvoA4=/fit-in/64x64/filters:strip_icc()/pic6137509.png
27,96848,Mage Knight Board Game,2011,28,8.1,7.88,29404,/boardgame/96848/mage-knight-board-game,https://cf.geekdo-images.com/DUO2hz9AlLOH8p9ED-lCWg__micro/img/eXzdbUmCbIdMIVgiQ_QwS3YNOS4=/fit-in/64x64/filters:strip_icc()/pic1083380.jpg
28,199792,Everdell,2018,29,8.1,7.874,28986,/boardgame/199792/everdell,https://cf.geekdo-images.com/fjE7V5LNq31yVEW_yuqI-Q__micro/img/TAgkPCJdNAIHZfn1BE1DXadBL9g=/fit-in/64x64/filters:strip_icc()/pic3918905.png
156,39463,Cosmic Encounter,2008,157,7.54,7.367,28826,/boardgame/39463/cosmic-encounter,https://cf.geekdo-images.com/S8cE-Ld7XP5sVz-upKJ-Bg__micro/img/FgIh_ZojT_pTwaVROFnSpE2T0WU=/fit-in/64x64/filters:strip_icc()/pic1521633.jpg
146,128882,The Resistance: Avalon,2012,147,7.56,7.385,28808,/boardgame/128882/resistance-avalon,https://cf.geekdo-images.com/LPa6rsGcv8S0-OeNjCOAEQ__micro/img/8M4thDSUeVjibYt8WhfUmbf6qUo=/fit-in/64x64/filters:strip_icc()/pic1398895.jpg
40,205059,Mansions of Madness: Second Edition,2016,41,8.02,7.785,28516,/boardgame/205059/mansions-madness-second-edition,https://cf.geekdo-images.com/LIooA9bTdjnE9qmhjL-UFw__micro/img/rsUu4YzIErI1oi6TRRA-cKiS-I0=/fit-in/64x64/filters:strip_icc()/pic3118622.jpg
1045,143884,Machi Koro,2012,1046,6.62,6.518,28404,/boardgame/143884/machi-koro,https://cf.geekdo-images.com/_lI2eUDHfesfe5SswJiFAg__micro/img/Y39W_jja7SpxS51fT8oZ15UrkiI=/fit-in/64x64/filters:strip_icc()/pic4783831.png
1915,320,Scrabble,1948,1916,6.27,6.159,28245,/boardgame/320/scrabble,https://cf.geekdo-images.com/mVmmntn2oQd0PfFrWBvwIQ__micro/img/jbVAipPy6sXqMPQuTxPyOXtiLoo=/fit-in/64x64/filters:strip_icc()/pic404651.jpg
102,132531,Roll for the Galaxy,2014,103,7.65,7.503,28215,/boardgame/132531/roll-galaxy,https://cf.geekdo-images.com/nhoyoLpYPC2b3UiJ5kJ0yg__micro/img/FeJTY6p1rR-_4L51ukxDOXrjXTY=/fit-in/64x64/filters:strip_icc()/pic1473629.jpg
54,35677,Le Havre,2008,55,7.87,7.711,27983,/boardgame/35677/le-havre,https://cf.geekdo-images.com/y7Rqd3S6J7vyVhicR1bqTQ__micro/img/c1qPt4uwG4qhjxmrgtIuKulwQkI=/fit-in/64x64/filters:strip_icc()/pic6091101.jpg
1336,3955,BANG!,2002,1337,6.51,6.359,27824,/boardgame/3955/bang,https://cf.geekdo-images.com/_04xA-d-rfygm0c49HE4vA__micro/img/Ig0GAkviWAbNjCNDYXCDixkCFDY=/fit-in/64x64/filters:strip_icc()/pic1170986.jpg
63,124742,Android: Netrunner,2012,64,7.88,7.668,27686,/boardgame/124742/android-netrunner,https://cf.geekdo-images.com/2ewHIIG_TRq8bYlqk0jIMw__micro/img/U5irACQ5P-7X9XyeDWj71ai-Ruw=/fit-in/64x64/filters:strip_icc()/pic3738560.jpg
1162,9220,Saboteur,2004,1163,6.56,6.45,27574,/boardgame/9220/saboteur,https://cf.geekdo-images.com/0vJwP6NGa7GHPZKC3gplUw__micro/img/23uXzOKOsmezlpcTON9BWJB_ac4=/fit-in/64x64/filters:strip_icc()/pic3989824.jpg
83,18602,Caylus,2005,84,7.75,7.575,27488,/boardgame/18602/caylus,https://cf.geekdo-images.com/yC7nOSc1x5PT-oNnh6TEcQ__micro/img/R7ZK4KtIIQNR2CJHZ6HtUxEY8ik=/fit-in/64x64/filters:strip_icc()/pic1638795.jpg
415,136063,Forbidden Desert,2013,416,7.12,6.99,27189,/boardgame/136063/forbidden-desert,https://cf.geekdo-images.com/OU26qQZoHJodxSFKiR5IzA__micro/img/DVq1Wq3vlHJ1Nvw_uRDOJVkxs8k=/fit-in/64x64/filters:strip_icc()/pic1528722.jpg
132,148949,Istanbul,2014,133,7.57,7.421,27078,/boardgame/148949/istanbul,https://cf.geekdo-images.com/PHH9Mreen2sBcxV6ZsE3ew__micro/img/m-r0Enm97qaLW82OqcE9DSPasNc=/fit-in/64x64/filters:strip_icc()/pic1885326.jpg
58,72125,Eclipse,2011,59,7.88,7.682,26847,/boardgame/72125/eclipse,https://cf.geekdo-images.com/cnFppsVNOSTJ-W3APQFuTg__micro/img/dfQTNAju5CUxn6JQl-Pxubac99o=/fit-in/64x64/filters:strip_icc()/pic1974056.jpg
419,158899,Colt Express,2014,420,7.11,6.978,26846,/boardgame/158899/colt-express,https://cf.geekdo-images.com/2HKX0QANk_DY7CIVK5O5fQ__micro/img/QItYzt8AZP1UN9fEv6oW2JegBwE=/fit-in/64x64/filters:strip_icc()/pic2869710.jpg
147,10630,Memoir '44,2004,148,7.56,7.383,26840,/boardgame/10630/memoir-44,https://cf.geekdo-images.com/chfLNSL0l7afCA5go9pAtA__micro/img/eG4onb3n084vJrE29kOTQtjpr0c=/fit-in/64x64/filters:strip_icc()/pic43663.jpg
97,42,Tigris & Euphrates,1997,98,7.7,7.525,26149,/boardgame/42/tigris-euphrates,https://cf.geekdo-images.com/soAzNVWglCdVBacNjoCTJw__micro/img/7MXTV2Z2rBL40blbo6F8e1RBeRo=/fit-in/64x64/filters:strip_icc()/pic2338267.jpg
430,15062,Shadows over Camelot,2005,431,7.11,6.967,26085,/boardgame/15062/shadows-over-camelot,https://cf.geekdo-images.com/JYqwG_v1B3RhpB7NcmeDOA__micro/img/tLDp_PfGpIhffmf3FQzrBQecJnI=/fit-in/64x64/filters:strip_icc()/pic70547.jpg
207,192291,Sushi Go Party!,2016,208,7.45,7.279,25848,/boardgame/192291/sushi-go-party,https://cf.geekdo-images.com/2f9uTicUSXkdPp2Yks6zFw__micro/img/bcGCmb0wFkHaWhw4TgIxWtX6cA4=/fit-in/64x64/filters:strip_icc()/pic5885689.jpg
312,172,For Sale,1997,313,7.23,7.108,25665,/boardgame/172/sale,https://cf.geekdo-images.com/dJh9HkZC346NgPTAicJq_A__micro/img/DgO2JLvIUxkt8F4ENaFM7NH5v8o=/fit-in/64x64/filters:strip_icc()/pic1513085.jpg
8,182028,Through the Ages: A New Story of Civilization,2015,9,8.38,8.15,25605,/boardgame/182028/through-ages-new-story-civilization,https://cf.geekdo-images.com/fVwPntkJKgaEo0rIC0RwpA__micro/img/77dZJpqtydc8TTecl0ReGF7iAVw=/fit-in/64x64/filters:strip_icc()/pic2663291.jpg
7,187645,Star Wars: Rebellion,2016,8,8.42,8.172,25586,/boardgame/187645/star-wars-rebellion,https://cf.geekdo-images.com/7SrPNGBKg9IIsP4UQpOi8g__micro/img/nEvTiCkWpT-ymH4bstc9c335TtQ=/fit-in/64x64/filters:strip_icc()/pic4325841.jpg
2,224517,Brass: Birmingham,2018,3,8.66,8.418,25484,/boardgame/224517/brass-birmingham,https://cf.geekdo-images.com/x3zxjr-Vw5iU4yDPg70Jgw__micro/img/4Od3GYCiqptga0VbmyumPbJlBsU=/fit-in/64x64/filters:strip_icc()/pic3490053.jpg
183,146508,T.I.M.E Stories,2015,184,7.5,7.32,25076,/boardgame/146508/time-stories,https://cf.geekdo-images.com/XmwCsjQ3C1Ul53ZN2o8Q-Q__micro/img/YtUIC2NTWAyOpzANjbkNw_IbFAs=/fit-in/64x64/filters:strip_icc()/pic2617634.png
42,284083,The Crew: The Quest for Planet Nine,2019,43,7.97,7.778,24972,/boardgame/284083/crew-quest-planet-nine,https://cf.geekdo-images.com/98LnQShydr11OBKS46xY-Q__micro/img/bIVTqYzQ5wDuCSmcQvpNokXZOUo=/fit-in/64x64/filters:strip_icc()/pic5687013.jpg
3400,172225,Exploding Kittens,2015,3401,6.04,5.855,24784,/boardgame/172225/exploding-kittens,https://cf.geekdo-images.com/N8bL53-pRU7zaXDTrEaYrw__micro/img/KSzqcUIsIsan_BmrdQuUFhyk_eA=/fit-in/64x64/filters:strip_icc()/pic2691976.png
938,122522,Smash Up,2012,939,6.73,6.573,24778,/boardgame/122522/smash,https://cf.geekdo-images.com/c1DOHkXD35OcqfPoxoSXlA__micro/img/rn7LdxHdPiX7ryM01VyX5aXBtwE=/fit-in/64x64/filters:strip_icc()/pic1269874.jpg
976,16992,Tsuro,2004,977,6.67,6.55,24645,/boardgame/16992/tsuro,https://cf.geekdo-images.com/2V3d4ryhxkS3RoPtDrvpUw__micro/img/KQfGNRFQvnKDiEPIxDnfa0AQfXU=/fit-in/64x64/filters:strip_icc()/pic875761.jpg
5144,50381,Cards Against Humanity,2009,5145,5.86,5.692,24639,/boardgame/50381/cards-against-humanity,https://cf.geekdo-images.com/nYLrPiI9gnvlrwOrKQ4_CA__micro/img/oXaWmVNmLiNg0a39SnTuqgJEFwE=/fit-in/64x64/filters:strip_icc()/pic2909692.jpg
26,164928,Orl√©ans,2014,27,8.07,7.883,24601,/boardgame/164928/orleans,https://cf.geekdo-images.com/nagl1li6kYt9elV9jbfVQw__micro/img/hUKCvnqgFvTl0aOMd8FLkgCObT0=/fit-in/64x64/filters:strip_icc()/pic6228507.jpg
82,93,El Grande,1995,83,7.75,7.577,24477,/boardgame/93/el-grande,https://cf.geekdo-images.com/GO282hlXR3RiknU5W4GZjg__micro/img/Ya0GwTP0sOChJ3b0E3Ufmua39gw=/fit-in/64x64/filters:strip_icc()/pic5373572.png
689,2453,Blokus,2000,690,6.87,6.743,24049,/boardgame/2453/blokus,https://cf.geekdo-images.com/96YA5wUJDxtPkmPxemr5Qg__micro/img/lSZ9pumreM0SScRXHwRWrgZZnj4=/fit-in/64x64/filters:strip_icc()/pic2197702.jpg
506,153938,Camel Up,2014,507,7.04,6.902,23999,/boardgame/153938/camel,https://cf.geekdo-images.com/1ph2jVOD1MudR1fK1nkwwA__micro/img/6Ai3_Lyuuvv31Vmm1fKM8TSMtFI=/fit-in/64x64/filters:strip_icc()/pic2031446.png
122,103885,Star Wars: X-Wing Miniatures Game,2012,123,7.67,7.442,23716,/boardgame/103885/star-wars-x-wing-miniatures-game,https://cf.geekdo-images.com/yNqgVxaqoZepir7Hzkfe-Q__micro/img/OKIS12HYfJvGuTjHdv1I1aqn2SI=/fit-in/64x64/filters:strip_icc()/pic1603292.jpg
134,104162,Descent: Journeys in the Dark (Second Edition),2012,135,7.67,7.416,23632,/boardgame/104162/descent-journeys-dark-second-edition,https://cf.geekdo-images.com/ZN2rpiJ19lg5DZk_iYMMkQ__micro/img/WuYw3bSmWg2YZoaWNtiDqstGo0U=/fit-in/64x64/filters:strip_icc()/pic1180640.jpg
456,147949,One Night Ultimate Werewolf,2014,457,7.12,6.947,23167,/boardgame/147949/one-night-ultimate-werewolf,https://cf.geekdo-images.com/KLDb0vR3w8mfaHgIGF0gHw__micro/img/Hri9c-QXMATOKdi4FGc_MY3ca1E=/fit-in/64x64/filters:strip_icc()/pic1809823.jpg
21710,2223,UNO,1971,21711,5.41,5.313,23138,/boardgame/2223/uno,https://cf.geekdo-images.com/SU-OL7XWn7BOiSYevyTThw__micro/img/xxqoYyNLMWQo8bn2yQ0LFXU-anY=/fit-in/64x64/filters:strip_icc()/pic981505.jpg
149,155426,Castles of Mad King Ludwig,2014,150,7.54,7.377,23128,/boardgame/155426/castles-mad-king-ludwig,https://cf.geekdo-images.com/xkOTIpxwGQN4iyvbeqnytQ__micro/img/9hTaiYv-iwJx5gwpTAbLeV9XjJ8=/fit-in/64x64/filters:strip_icc()/pic1961827.jpg
590,100423,Elder Sign,2011,591,6.98,6.816,23115,/boardgame/100423/elder-sign,https://cf.geekdo-images.com/wNCSCl961fMzDUhwetfjTg__micro/img/pd9pjvrY--Igzgont0cIyTUa3jw=/fit-in/64x64/filters:strip_icc()/pic1236119.jpg
602,432,6 nimmt!,1994,603,6.93,6.804,22945,/boardgame/432/6-nimmt,https://cf.geekdo-images.com/JFhLVSRFQ2mtWRNHgbZ3Wg__micro/img/8JQFz4AonXXqp43jDd2a5RsOZ4I=/fit-in/64x64/filters:strip_icc()/pic2602138.jpg
476,18,RoboRally,1994,477,7.08,6.93,22881,/boardgame/18/roborally,https://cf.geekdo-images.com/eJx8hRJ6-86C2VrhECwEPA__micro/img/IfPMof4TY56v0V85kPR24rDXKb4=/fit-in/64x64/filters:strip_icc()/pic1000553.jpg
314,8217,San Juan,2004,315,7.25,7.103,22710,/boardgame/8217/san-juan,https://cf.geekdo-images.com/kiD03bslLpN_0Qe1LJ8OGg__micro/img/VNweqso3VtsV8cZOuQChDxV_B08=/fit-in/64x64/filters:strip_icc()/pic174174.jpg
694,244992,The Mind,2018,695,6.87,6.736,22690,/boardgame/244992/mind,https://cf.geekdo-images.com/q_JGK291hrhnhiRB0667oA__micro/img/K28CIC2BSPXMf8V_PEktRguLXO4=/fit-in/64x64/filters:strip_icc()/pic3979766.png
162,123260,Suburbia,2012,163,7.51,7.352,22508,/boardgame/123260/suburbia,https://cf.geekdo-images.com/1YcHesB7LRvCF8i9vgH7qw__micro/img/RcbDE5V0Sq6fJAJ69iUFtdH5G64=/fit-in/64x64/filters:strip_icc()/pic6009608.png
242,154203,Imperial Settlers,2014,243,7.38,7.208,22224,/boardgame/154203/imperial-settlers,https://cf.geekdo-images.com/pRwsvyfsRJ-lWWwVJCdXNg__micro/img/WEFU2OrColIqO6sdHtxY83vG_Jc=/fit-in/64x64/filters:strip_icc()/pic2871265.jpg
596,123540,Tokaido,2012,597,6.97,6.811,22188,/boardgame/123540/tokaido,https://cf.geekdo-images.com/-sUA2HQNFHBxOdzHE6Ywlg__micro/img/dQoA_OdfGnxwMGfQMQv00ofwUJw=/fit-in/64x64/filters:strip_icc()/pic3747956.png
294,2653,Survive: Escape from Atlantis!,1982,295,7.31,7.136,22073,/boardgame/2653/survive-escape-atlantis,https://cf.geekdo-images.com/0M2ck50-GanxBWfOHUZ64A__micro/img/2baP3_Bis1a9JJlMUKJQH4G1xu8=/fit-in/64x64/filters:strip_icc()/pic1300182.png
234,108745,Seasons,2012,235,7.4,7.228,22006,/boardgame/108745/seasons,https://cf.geekdo-images.com/awmZ9rYy-hTgea6Vdp_OoQ__micro/img/B_j57PuXRinPUE9mPJIe7D9JzVU=/fit-in/64x64/filters:strip_icc()/pic1299390.jpg
218,176494,Isle of Skye: From Chieftain to King,2015,219,7.42,7.262,21979,/boardgame/176494/isle-skye-chieftain-king,https://cf.geekdo-images.com/GCxsnITFBO1pNXiBYkq_qA__micro/img/UCoDe7Dv8ifIaqR80KH0GnUPc1c=/fit-in/64x64/filters:strip_icc()/pic2524838.jpg
379,100901,Flash Point: Fire Rescue,2011,380,7.19,7.037,21950,/boardgame/100901/flash-point-fire-rescue,https://cf.geekdo-images.com/v6bTbxeprDFj1nN4AenvjA__micro/img/Ei3zZMjNSnW0q4SNPoBDiOnrXMA=/fit-in/64x64/filters:strip_icc()/pic1129370.jpg
471,12942,No Thanks!,2004,472,7.06,6.935,21901,/boardgame/12942/no-thanks,https://cf.geekdo-images.com/2DyxMVASynw87LRULZuyqA__micro/img/Up29N7QJIaziw9kGlGHErhpJiY0=/fit-in/64x64/filters:strip_icc()/pic4657706.jpg
139,77423,The Lord of the Rings: The Card Game,2011,140,7.65,7.405,21843,/boardgame/77423/lord-rings-card-game,https://cf.geekdo-images.com/ZmXi5BbtoWl58ZnKcUy1vw__micro/img/e5AtJJGUBkPjdiJR4RCzckfokLc=/fit-in/64x64/filters:strip_icc()/pic906495.jpg
71,171623,The Voyages of Marco Polo,2015,72,7.84,7.64,21794,/boardgame/171623/voyages-marco-polo,https://cf.geekdo-images.com/n1G7_aWToLAAB7Mqt8iwyA__micro/img/c8Ld-3E8S0devFlugLvyiAEESbY=/fit-in/64x64/filters:strip_icc()/pic2461346.png
53,164153,Star Wars: Imperial Assault,2014,54,8,7.719,21791,/boardgame/164153/star-wars-imperial-assault,https://cf.geekdo-images.com/pIQ_MXvaoARRp1loCHJuHg__micro/img/i2soAnlvaDCzWksrpO2By4-GgGA=/fit-in/64x64/filters:strip_icc()/pic2247647.jpg
133,233867,Welcome To...,2018,134,7.6,7.419,21538,/boardgame/233867/welcome,https://cf.geekdo-images.com/g4XmxyKhNVdhC3QPd1purQ__micro/img/nFBdWL9VzYeTpQpxfSx2OkEylaA=/fit-in/64x64/filters:strip_icc()/pic3761012.jpg
167,104006,Village,2011,168,7.52,7.343,21167,/boardgame/104006/village,https://cf.geekdo-images.com/5FBIAvZi3Sw8dvmfwwJTjg__micro/img/JzEMolI9R4zQqrQ4aQEa3YlTky8=/fit-in/64x64/filters:strip_icc()/pic2760568.jpg
617,143741,BANG! The Dice Game,2013,618,6.94,6.797,21122,/boardgame/143741/bang-dice-game,https://cf.geekdo-images.com/BLTFau1Ue-gjX6geQdYrjQ__micro/img/J8UIjJYVvZhmoP4sc4ig1K1hwm0=/fit-in/64x64/filters:strip_icc()/pic2909713.jpg
19,28720,Brass: Lancashire,2007,20,8.18,7.963,20915,/boardgame/28720/brass-lancashire,https://cf.geekdo-images.com/0BsjJY9MTlx9DRrlkeE69w__micro/img/LzaNnOD21eoa3KYNXJ2kCrZZabM=/fit-in/64x64/filters:strip_icc()/pic5482020.jpg
579,107529,Kingdom Builder,2011,580,6.96,6.826,20842,/boardgame/107529/kingdom-builder,https://cf.geekdo-images.com/kJOP_BICVX-88sKqFRh9PQ__micro/img/719wrvZGx8SkxkVx1-itMHpGUMU=/fit-in/64x64/filters:strip_icc()/pic1152359.jpg
200,188834,Secret Hitler,2016,201,7.55,7.292,20816,/boardgame/188834/secret-hitler,https://cf.geekdo-images.com/rAQ3hIXoH6xDcj41v9iqCg__micro/img/6NTv7tbuyr7OxNYMGKkC2tTj4Ek=/fit-in/64x64/filters:strip_icc()/pic5164305.jpg
195,129437,Legendary: A Marvel Deck Building Game,2012,196,7.56,7.298,20689,/boardgame/129437/legendary-marvel-deck-building-game,https://cf.geekdo-images.com/ZrRidumkzu62HuwKdgQpHA__micro/img/PVhHfqxWmkfiSLmmL8bXjBeiKZY=/fit-in/64x64/filters:strip_icc()/pic1430769.jpg
80,236457,Architects of the West Kingdom,2018,81,7.81,7.587,20619,/boardgame/236457/architects-west-kingdom,https://cf.geekdo-images.com/OAX7HfOz-9N60StgADzd0g__micro/img/5OEOXKjvrEMh2aT5I-FrAn5-9jo=/fit-in/64x64/filters:strip_icc()/pic3781944.png
273,209685,Century: Spice Road,2017,274,7.35,7.169,20387,/boardgame/209685/century-spice-road,https://cf.geekdo-images.com/0_KEDk4lCvryf1Ju3YQJxA__micro/img/1dk76UNWVYXBiYrDt9Z6kABJl_w=/fit-in/64x64/filters:strip_icc()/pic3339551.jpg
86,73439,Troyes,2010,87,7.75,7.558,20216,/boardgame/73439/troyes,https://cf.geekdo-images.com/fBIe-aEPtJKC-ceNlspK6A__micro/img/6ZLZgf_o1omV4ijqi2OLJWK_GM0=/fit-in/64x64/filters:strip_icc()/pic750583.jpg
79,122515,Keyflower,2012,80,7.78,7.591,20145,/boardgame/122515/keyflower,https://cf.geekdo-images.com/HbfgxDJZQnNEZQKvpmJxQg__micro/img/L6e_jaWDU2M5XPhV0lMhPPo26EU=/fit-in/64x64/filters:strip_icc()/pic2278942.jpg
21,177736,A Feast for Odin,2016,22,8.21,7.949,20071,/boardgame/177736/feast-odin,https://cf.geekdo-images.com/s9oGMCo1fcfV4Dk3EnqLZw__micro/img/JCrcuFDrjVQ64uLbqpH-Pmg6XsU=/fit-in/64x64/filters:strip_icc()/pic3146943.png
298,37046,Ghost Stories,2008,299,7.31,7.133,20011,/boardgame/37046/ghost-stories,https://cf.geekdo-images.com/Mfoj66t524ZS5DKMZJlUYQ__micro/img/_kCI2C5b5c67xZI2UB1rvHiRu84=/fit-in/64x64/filters:strip_icc()/pic1790243.jpg
1232,116,Guillotine,1998,1233,6.53,6.405,19942,/boardgame/116/guillotine,https://cf.geekdo-images.com/9gdaUHNTcgv8RhFhG0kzBw__micro/img/xq4N4MDT04y-YQr9x4_pv6EgDGg=/fit-in/64x64/filters:strip_icc()/pic143139.jpg
188,12,Ra,1999,189,7.48,7.31,19760,/boardgame/12/ra,https://cf.geekdo-images.com/1m3z3iX0iVtII8AEMuWOeA__micro/img/O9udNR8diQK86psDm__DOc13cnc=/fit-in/64x64/filters:strip_icc()/pic3013552.jpg
119,161970,Alchemists,2014,120,7.67,7.447,19565,/boardgame/161970/alchemists,https://cf.geekdo-images.com/ztNshEv3Fsm46HCJaEOFPw__micro/img/6amZZCVb_LzbpGfhGjmy4Agph0A=/fit-in/64x64/filters:strip_icc()/pic2241156.png
716,166384,Spyfall,2014,717,6.85,6.724,19189,/boardgame/166384/spyfall,https://cf.geekdo-images.com/Ehx72XRdSeQHISVXcZVnHg__micro/img/ldZfZ5bQAIYKfHSjWxBzj5uIpWg=/fit-in/64x64/filters:strip_icc()/pic2453926.jpg
6,220308,Gaia Project,2017,7,8.47,8.175,19169,/boardgame/220308/gaia-project,https://cf.geekdo-images.com/hGWFm3hbMlCDsfCsauOQ4g__micro/img/odWj2bEnZi9dEcQQrOtYj1e0QLE=/fit-in/64x64/filters:strip_icc()/pic5375625.png
490,218603,Photosynthesis,2017,491,7.09,6.921,18864,/boardgame/218603/photosynthesis,https://cf.geekdo-images.com/HhkYuVxMy-XrRCBWmZ78Eg__micro/img/DPyT6Ft66g7FKKN_DwAjGrq7JOM=/fit-in/64x64/filters:strip_icc()/pic3364832.jpg
196,54998,Cyclades,2009,197,7.52,7.298,18846,/boardgame/54998/cyclades,https://cf.geekdo-images.com/6QbaJOS8acWkJ6gSYI0KaQ__micro/img/3_lU4yZ94uRNnejhaWhZMekSXgA=/fit-in/64x64/filters:strip_icc()/pic584779.jpg
573,5782,Coloretto,2003,574,6.97,6.83,18802,/boardgame/5782/coloretto,https://cf.geekdo-images.com/Z_C3ujE0BcRpbQjDd1Vatg__micro/img/H6NjA3MdQ6W8s0UsY6xLNHl6XFg=/fit-in/64x64/filters:strip_icc()/pic149765.jpg
50,180263,The 7th Continent,2017,51,8.05,7.73,18792,/boardgame/180263/7th-continent,https://cf.geekdo-images.com/OYne8uBCHv5oEgRfpOrV0A__micro/img/8IGVzvGADTyV8kjaMNw-VCBL4TY=/fit-in/64x64/filters:strip_icc()/pic2648303.jpg
76,62219,Dominant Species,2010,77,7.84,7.618,18784,/boardgame/62219/dominant-species,https://cf.geekdo-images.com/oeygRZntjNUJWvc8SxDfww__micro/img/gXi23Nbfem6XTfRlV2eHEHB_cHY=/fit-in/64x64/filters:strip_icc()/pic784193.jpg
386,27162,Kingsburg,2007,387,7.19,7.022,18736,/boardgame/27162/kingsburg,https://cf.geekdo-images.com/pHFQxD8va6vOrrNfazVzsg__micro/img/HDLcTms0_KGxE5XIwRI-xpXivi4=/fit-in/64x64/filters:strip_icc()/pic253057.jpg
291,5,Acquire,1964,292,7.34,7.141,18719,/boardgame/5/acquire,https://cf.geekdo-images.com/3C--kJRhi6kTPHsr9dNaWw__micro/img/UEwGRnn6rC4FcI1aM3Ev-dIwZI0=/fit-in/64x64/filters:strip_icc()/pic3299296.jpg
458,21790,Thurn and Taxis,2006,459,7.1,6.945,18700,/boardgame/21790/thurn-and-taxis,https://cf.geekdo-images.com/OlwMFxx9t6HGndTSKaWxhg__micro/img/ZDX5vKF7xVm_xHxa2rhrQlSaxDw=/fit-in/64x64/filters:strip_icc()/pic115300.jpg
85,12493,Twilight Imperium: Third Edition,2005,86,7.83,7.559,18620,/boardgame/12493/twilight-imperium-third-edition,https://cf.geekdo-images.com/MHeQQrbauUVsvh2QF6PMog__micro/img/qq2rc5GmKHOr8Dpn5Q8di_FD6Cg=/fit-in/64x64/filters:strip_icc()/pic4128153.jpg
354,198773,Codenames: Pictures,2016,355,7.24,7.064,18615,/boardgame/198773/codenames-pictures,https://cf.geekdo-images.com/Q2u-Nk68Wb1iLjxh_dfsIg__micro/img/XOAPhcYFTV6_GWueoFFEYE2qSAM=/fit-in/64x64/filters:strip_icc()/pic3476592.jpg
108,2511,Sherlock Holmes Consulting Detective: The Thames Murders & Other Cases,1982,109,7.7,7.483,18561,/boardgame/2511/sherlock-holmes-consulting-detective-thames-murder,https://cf.geekdo-images.com/ptDZ2tJ6dSNiONAx3HH8Tw__micro/img/oG1Tt-dugnxtcq2xclh1AcrjG6s=/fit-in/64x64/filters:strip_icc()/pic3514298.jpg
283,54,Tikal,1999,284,7.33,7.15,18518,/boardgame/54/tikal,https://cf.geekdo-images.com/ajU3xzGDUKihjNdvjCR1Hw__micro/img/d_IcWZHBpSPpcLIzAUDN7Y3m29o=/fit-in/64x64/filters:strip_icc()/pic3328391.jpg
8934,1294,Clue,1949,8935,5.67,5.57,18448,/boardgame/1294/clue,https://cf.geekdo-images.com/owlmDA10KegcwPaapY5auw__micro/img/DQP_kSRpQtUHvgt9AMy-AOZzzT0=/fit-in/64x64/filters:strip_icc()/pic5146918.png
61,25613,Through the Ages: A Story of Civilization,2006,62,7.9,7.676,18377,/boardgame/25613/through-ages-story-civilization,https://cf.geekdo-images.com/3piN3YX4WmBRuIvbEG2Ygg__micro/img/xy_566fY112BYtYJjT29cfAcHsk=/fit-in/64x64/filters:strip_icc()/pic236169.jpg
91,170042,Raiders of the North Sea,2015,92,7.77,7.542,18313,/boardgame/170042/raiders-north-sea,https://cf.geekdo-images.com/hXdfAhgZ8OeyWLunt36wlw__micro/img/qdkWYsmTq_dyuJU5YCVCZMQrkAI=/fit-in/64x64/filters:strip_icc()/pic3578101.jpg
755,15512,Diamant,2005,756,6.82,6.697,18115,/boardgame/15512/diamant,https://cf.geekdo-images.com/_DWv97HbQ_hNeCM_Tcp2XQ__micro/img/Fdb4nOWquTQPs8tbfpXfvJDAfm4=/fit-in/64x64/filters:strip_icc()/pic3581963.jpg
221,118,Modern Art,1992,222,7.44,7.253,18108,/boardgame/118/modern-art,https://cf.geekdo-images.com/wLto-xaabHwKQe_Bc4iD1Q__micro/img/IcevtuHa5wbYSpkiPp4vFOqrDVo=/fit-in/64x64/filters:strip_icc()/pic3458036.png
5281,74,Apples to Apples,1999,5282,5.79,5.684,18050,/boardgame/74/apples-apples,https://cf.geekdo-images.com/S5GzB_f2Re3kEDoSxqG5Ew__micro/img/tLveBuwE9eZiwswthZyVyIUecX8=/fit-in/64x64/filters:strip_icc()/pic213515.jpg
236,92828,Dixit: Odyssey,2011,237,7.44,7.226,17972,/boardgame/92828/dixit-odyssey,https://cf.geekdo-images.com/7b75ZZJQ4EEbDsKLi6kYSw__micro/img/25AacLyInvpafP8h3Fn5b_EZn4E=/fit-in/64x64/filters:strip_icc()/pic918568.jpg
434,43570,Friday,2011,435,7.14,6.966,17924,/boardgame/43570/friday,https://cf.geekdo-images.com/7bBUuYUIyKIBDh_UnNa_Fw__micro/img/nmxIKcPYOSBi90lauhH7-zkgQEQ=/fit-in/64x64/filters:strip_icc()/pic1513328.jpg
204,156129,Deception: Murder in Hong Kong,2014,205,7.49,7.284,17915,/boardgame/156129/deception-murder-hong-kong,https://cf.geekdo-images.com/1COY3oeK9aN2_XNimKaNww__micro/img/uH-G0ydUSiNTfVBdoFv_Vy1zGLI=/fit-in/64x64/filters:strip_icc()/pic3033330.jpg
552,37904,Formula D,2008,553,7.02,6.847,17842,/boardgame/37904/formula-d,https://cf.geekdo-images.com/ScuaQBHRYnsqrwSxSdEdIw__micro/img/lNERA5wvxUZsPRkxbJfEj2o0uQc=/fit-in/64x64/filters:strip_icc()/pic519914.jpg
16,167355,Nemesis,2018,17,8.39,7.982,17688,/boardgame/167355/nemesis,https://cf.geekdo-images.com/tAqLpWxQ0Oo3GaPP3MER1g__micro/img/tivhH093LwCowK-_S7bVF_xha34=/fit-in/64x64/filters:strip_icc()/pic5073276.jpg
361,124708,Mice and Mystics,2012,362,7.29,7.057,17612,/boardgame/124708/mice-and-mystics,https://cf.geekdo-images.com/pZFrbWXBzrkxqOotg05D9Q__micro/img/0TXWSNqt7m9GE3FnvhYGcrCSBsQ=/fit-in/64x64/filters:strip_icc()/pic1312072.jpg
92,205896,Rising Sun,2018,93,7.84,7.538,17498,/boardgame/205896/rising-sun,https://cf.geekdo-images.com/iwevA6XmiNLHn1QnGUucqw__micro/img/CGB3Ihk0wWICh8wG6_Wp2pbGoCk=/fit-in/64x64/filters:strip_icc()/pic3880340.jpg
170,171131,Captain Sonar,2016,171,7.55,7.342,17423,/boardgame/171131/captain-sonar,https://cf.geekdo-images.com/eVy9IyAVtzzKv2VvPHFPbA__micro/img/HAHURwXhFgjHGTMBGw3vJqd7A7k=/fit-in/64x64/filters:strip_icc()/pic3013621.png
135,244522,That's Pretty Clever!,2018,136,7.62,7.41,17383,/boardgame/244522/s-pretty-clever,https://cf.geekdo-images.com/3-unuy5JW1cC8C6EUBNiOA__micro/img/paSoM8bH12xJsE0csH_LrUq0JU8=/fit-in/64x64/filters:strip_icc()/pic4410877.jpg
525,113924,Zombicide,2012,526,7.14,6.883,17279,/boardgame/113924/zombicide,https://cf.geekdo-images.com/ZqjfzvtaTIT5FYp1D2CfKw__micro/img/MtYzGk2vrPLqxP5GM8dt5G76YnM=/fit-in/64x64/filters:strip_icc()/pic1196191.jpg
545,209778,Magic Maze,2017,546,7.02,6.854,17263,/boardgame/209778/magic-maze,https://cf.geekdo-images.com/wJfDIveg2zpTGn8E1WzEpA__micro/img/wPo47UfrkY_CLaO0fihpBdc6tss=/fit-in/64x64/filters:strip_icc()/pic3268473.jpg
264,160477,Onitama,2014,265,7.39,7.181,17194,/boardgame/160477/onitama,https://cf.geekdo-images.com/FZdihu8SibqQYtwfo77BdQ__micro/img/cPoTcxxTscaeGhG2ebALfI4QPdU=/fit-in/64x64/filters:strip_icc()/pic5032361.jpg
849,25669,Qwirkle,2006,850,6.78,6.633,17192,/boardgame/25669/qwirkle,https://cf.geekdo-images.com/k7zHj8j_a6uUAtXUt5Fvuw__micro/img/hqcmNqqB2ItF8njCrTm1wCkQcwA=/fit-in/64x64/filters:strip_icc()/pic309353.jpg
111,127023,Kemet,2012,112,7.7,7.472,17188,/boardgame/127023/kemet,https://cf.geekdo-images.com/RmZjhy7_6REp8IaXh9Zqwg__micro/img/JhmgQqmj1m5K7EKHBExVgFHKUf4=/fit-in/64x64/filters:strip_icc()/pic3979527.jpg
526,28023,Jamaica,2007,527,7.06,6.883,17111,/boardgame/28023/jamaica,https://cf.geekdo-images.com/jZRfv3isrBG5waCzEx60Cw__micro/img/EU7d-yPXqtVCLzkW_MU3uMHERdU=/fit-in/64x64/filters:strip_icc()/pic6434838.png
286,163967,Tiny Epic Galaxies,2015,287,7.36,7.149,17107,/boardgame/163967/tiny-epic-galaxies,https://cf.geekdo-images.com/c_87h8o0AOrfCO3hxMjjrA__micro/img/3StPmJGPf7TzK52lGa3wnhXM3jE=/fit-in/64x64/filters:strip_icc()/pic2349732.jpg
173,239188,Chronicles of Crime,2018,174,7.73,7.338,17103,/boardgame/239188/chronicles-crime,https://cf.geekdo-images.com/1BMyuEwK0zV9005oYinYLw__micro/img/MZt1YCfdLXYetxeg7tZQaVOok1M=/fit-in/64x64/filters:strip_icc()/pic4317519.jpg
126,118048,Targi,2012,127,7.64,7.433,16975,/boardgame/118048/targi,https://cf.geekdo-images.com/wHg4fOf48cs1kw1PDOk1tQ__micro/img/I3v-kbkcehXvBeP_3-qbaW9U8co=/fit-in/64x64/filters:strip_icc()/pic3958793.jpg
362,194594,Dice Forge,2017,363,7.27,7.055,16942,/boardgame/194594/dice-forge,https://cf.geekdo-images.com/4BTVGQWO0M9ayxyku3FW6Q__micro/img/kp9DQn-4JnTGYyNIpAyADkQpY_o=/fit-in/64x64/filters:strip_icc()/pic3477004.jpg
33,312484,Lost Ruins of Arnak,2020,34,8.11,7.819,16860,/boardgame/312484/lost-ruins-arnak,https://cf.geekdo-images.com/6GqH14TJJhza86BX5HCLEQ__micro/img/2FKVaukjh9a-Kg9LWQuMSvLS34s=/fit-in/64x64/filters:strip_icc()/pic5674958.jpg
2181,62871,Zombie Dice,2010,2182,6.22,6.083,16809,/boardgame/62871/zombie-dice,https://cf.geekdo-images.com/iPy584JMAJYrupqRdQp8gA__micro/img/AFCdQ1XdtisN2KJy2LBCtHslQKg=/fit-in/64x64/filters:strip_icc()/pic4991962.jpg
322,24480,The Pillars of the Earth,2006,323,7.28,7.094,16786,/boardgame/24480/pillars-earth,https://cf.geekdo-images.com/J897fuu-nl83_o90uOakVQ__micro/img/2PBBStEkPAnWkVAXDqJDUWuEUNY=/fit-in/64x64/filters:strip_icc()/pic3691155.jpg
824,147151,Concept,2013,825,6.8,6.656,16763,/boardgame/147151/concept,https://cf.geekdo-images.com/hHFs0_KRoW_FJ0cMIVgZcw__micro/img/3LlKd32m_a_24y140cCMYergqfs=/fit-in/64x64/filters:strip_icc()/pic4991925.jpg
51,216132,Clans of Caledonia,2017,52,7.99,7.723,16721,/boardgame/216132/clans-caledonia,https://cf.geekdo-images.com/SPuwc6RJ6y4PnTH36Pegsg__micro/img/wWI0kOjt4L4TOOV_Dn2BLthq5QQ=/fit-in/64x64/filters:strip_icc()/pic3511783.png
110,263918,Cartographers,2019,111,7.72,7.477,16702,/boardgame/263918/cartographers,https://cf.geekdo-images.com/GifbnAmsA4lfEcDkeaC9VA__micro/img/-B-yH3o3CkeAA2xqNYdQNdX8YFc=/fit-in/64x64/filters:strip_icc()/pic4397932.png
177,224037,Codenames: Duet,2017,178,7.53,7.331,16699,/boardgame/224037/codenames-duet,https://cf.geekdo-images.com/0d1EaMVmAiIBROI2QstFSQ__micro/img/adCgMexDsSnafr71XQ9K72pcEGE=/fit-in/64x64/filters:strip_icc()/pic3596681.jpg
394,92415,Skull,2011,395,7.2,7.015,16516,/boardgame/92415/skull,https://cf.geekdo-images.com/4E9rSeKJDXiBbKmyMNtM7Q__micro/img/m8cMkMquJYrPOVlV27sperGE1gc=/fit-in/64x64/filters:strip_icc()/pic1779342.jpg
9239,258,Fluxx,1997,9240,5.67,5.565,16504,/boardgame/258/fluxx,https://cf.geekdo-images.com/ZBQHRlhd32wt4F_zgeic6w__micro/img/fA7ekwcn6UHWSGcklOmS-CL3DrE=/fit-in/64x64/filters:strip_icc()/pic2405641.jpg
436,127398,Legends of Andor,2012,437,7.18,6.965,16283,/boardgame/127398/legends-andor,https://cf.geekdo-images.com/IO8_BYKeofnWy8DIjo2RRg__micro/img/dZMgKBaYL9S5o4eQ0PZOBiGuRpI=/fit-in/64x64/filters:strip_icc()/pic2606106.jpg
243,760,Battle Line,2000,244,7.41,7.208,16169,/boardgame/760/battle-line,https://cf.geekdo-images.com/RnbZfspkPRfr6EMkRkac2Q__micro/img/xcQBKg35PuCpIjh9oWxtoMYTdVM=/fit-in/64x64/filters:strip_icc()/pic149717.jpg
571,21763,Mr. Jack,2006,572,7,6.831,16104,/boardgame/21763/mr-jack,https://cf.geekdo-images.com/CDdF4xOQJsNK0gX8-tBdCQ__micro/img/hftnDB3c-k9smDcycG4EanwO6ng=/fit-in/64x64/filters:strip_icc()/pic3066125.jpg
463,9674,Ingenious,2004,464,7.12,6.941,16052,/boardgame/9674/ingenious,https://cf.geekdo-images.com/k_dMkjiVuLX8syS0Gt-OGw__micro/img/PKrNotUlFRieA3CSDkUgfOPDzHY=/fit-in/64x64/filters:strip_icc()/pic3958804.jpg
4,233078,Twilight Imperium: Fourth Edition,2017,5,8.68,8.262,16025,/boardgame/233078/twilight-imperium-fourth-edition,https://cf.geekdo-images.com/_Ppn5lssO5OaildSE-FgFA__micro/img/2gymaKs35_2yj7eyyA6cYyVmd9c=/fit-in/64x64/filters:strip_icc()/pic3727516.jpg
586,113294,Escape: The Curse of the Temple,2012,587,6.99,6.82,15960,/boardgame/113294/escape-curse-temple,https://cf.geekdo-images.com/m6269wyfWVa7gZp3oXKx6A__micro/img/hbO1IuakjbpWFFjVnfmNfzj5WM0=/fit-in/64x64/filters:strip_icc()/pic3328521.jpg
5,291457,Gloomhaven: Jaws of the Lion,2020,6,8.68,8.26,15918,/boardgame/291457/gloomhaven-jaws-lion,https://cf.geekdo-images.com/_HhIdavYW-hid20Iq3hhmg__micro/img/OdKjWiFsNvQAfJfXXSITttiozWE=/fit-in/64x64/filters:strip_icc()/pic5055631.jpg
387,34219,Biblios,2007,388,7.2,7.022,15861,/boardgame/34219/biblios,https://cf.geekdo-images.com/w9pHmbMbHEFYtuOUcWcruA__micro/img/L6aGM4vxnB04yAaTPauGXpCP4lE=/fit-in/64x64/filters:strip_icc()/pic759154.jpg
96,144733,Russian Railroads,2013,97,7.76,7.528,15840,/boardgame/144733/russian-railroads,https://cf.geekdo-images.com/B0oEVgeqs4_rT8oyb1_Juw__micro/img/HlS0hYq3MdgmSR6YLj_h0x7zJl4=/fit-in/64x64/filters:strip_icc()/pic1772936.jpg
342,63888,Innovation,2010,343,7.27,7.075,15785,/boardgame/63888/innovation,https://cf.geekdo-images.com/YBE-vyyYRANWO2NXSQQghg__micro/img/lWb-N3Heq8auhjeyh42Um25bdXY=/fit-in/64x64/filters:strip_icc()/pic2966859.png
143,254640,Just One,2018,144,7.62,7.391,15777,/boardgame/254640/just-one,https://cf.geekdo-images.com/qKcKjHpzAvLddwBhyindag__micro/img/YQi3eyPFc7TV8myWJiQzNyUkJQ8=/fit-in/64x64/filters:strip_icc()/pic4268499.jpg
205,169426,Roll Player,2016,206,7.51,7.282,15631,/boardgame/169426/roll-player,https://cf.geekdo-images.com/enmQAOQl99U6wiQvZoL5GQ__micro/img/z4AffmYyVibrMQn4YhLrJ2TvFZQ=/fit-in/64x64/filters:strip_icc()/pic2556921.jpg
99,102680,Trajan,2011,100,7.76,7.512,15574,/boardgame/102680/trajan,https://cf.geekdo-images.com/djdeCr__iNV5rMnGnxNiaQ__micro/img/HObHn_WxO9uvtAfQan4UG-X3n_I=/fit-in/64x64/filters:strip_icc()/pic4336095.png
184,188,Go,2200,185,7.64,7.318,15513,/boardgame/188/go,https://cf.geekdo-images.com/6qAiZwWxSSKP2kFcA80cZg__micro/img/Ix921NmcSJyBLYXo0ZDAXMrNYpk=/fit-in/64x64/filters:strip_icc()/pic1728832.jpg
9,115746,War of the Ring: Second Edition,2012,10,8.51,8.136,15498,/boardgame/115746/war-ring-second-edition,https://cf.geekdo-images.com/ImPgGag98W6gpV1KV812aA__micro/img/NT-Av_3kdYUcwuti5ocmIQXow3g=/fit-in/64x64/filters:strip_icc()/pic1215633.jpg
145,217372,The Quest for El Dorado,2017,146,7.62,7.388,15430,/boardgame/217372/quest-el-dorado,https://cf.geekdo-images.com/enZMdkAhjJvq2dLhcKi_YA__micro/img/q8JULw8achvYMwaagFntb50Xq2c=/fit-in/64x64/filters:strip_icc()/pic3399616.jpg
31,175914,Food Chain Magnate,2015,32,8.12,7.834,15406,/boardgame/175914/food-chain-magnate,https://cf.geekdo-images.com/Wtxml94LAXsIWQCxGPS63Q__micro/img/4Oucoa190njfSaNHr8YRIl6UnTU=/fit-in/64x64/filters:strip_icc()/pic2649434.png
461,180974,Potion Explosion,2015,462,7.15,6.943,15275,/boardgame/180974/potion-explosion,https://cf.geekdo-images.com/iAycB5JlPVO1Yf5zRMQitg__micro/img/-tWvEd0EF8n5XpZtEK1kFH0hwYE=/fit-in/64x64/filters:strip_icc()/pic2630294.png
230,3,Samurai,1998,231,7.45,7.239,15203,/boardgame/3/samurai,https://cf.geekdo-images.com/o9-sNXmFS_TLAb7ZlZ4dRA__micro/img/2FokcSwvRLQgyYC6_QK3Lme6dlc=/fit-in/64x64/filters:strip_icc()/pic3211873.jpg
450,102652,Sentinels of the Multiverse,2011,451,7.2,6.954,15191,/boardgame/102652/sentinels-multiverse,https://cf.geekdo-images.com/KQJVwFggx85c6tkq99MW9Q__micro/img/Nz8UID0TyPfT22RMzLgMHjNn4dU=/fit-in/64x64/filters:strip_icc()/pic1296144.jpg
70,229853,Teotihuacan: City of Gods,2018,71,7.93,7.643,15163,/boardgame/229853/teotihuacan-city-gods,https://cf.geekdo-images.com/wW5xjgBJcFyLaEWZwrYuKA__micro/img/kXVTBtcGC-5L706WFNJLAuZTovQ=/fit-in/64x64/filters:strip_icc()/pic4583626.jpg
247,38453,Space Alert,2008,248,7.43,7.203,15159,/boardgame/38453/space-alert,https://cf.geekdo-images.com/tinE1f2lauIsEL4aC9aU-w__micro/img/KUsjw2BlqR5zR3HqPp2wy8hsets=/fit-in/64x64/filters:strip_icc()/pic384313.jpg
52,209010,Mechs vs. Minions,2016,53,8.02,7.721,15119,/boardgame/209010/mechs-vs-minions,https://cf.geekdo-images.com/n4J5LebMj0DQD016qW7ABw__micro/img/n4vvAq2JZvjf0yS_Mugr79dqM90=/fit-in/64x64/filters:strip_icc()/pic3184103.jpg
280,140934,Arboretum,2015,281,7.36,7.152,15109,/boardgame/140934/arboretum,https://cf.geekdo-images.com/XYOn10oXBrDqHySf0jvnyQ__micro/img/oXEq6SZJdA5icbhBemOwK90Pjf8=/fit-in/64x64/filters:strip_icc()/pic4172124.png
1310,438,Scotland Yard,1983,1311,6.51,6.37,15049,/boardgame/438/scotland-yard,https://cf.geekdo-images.com/NbHZjHmQcA5_TenhVJtJ3w__micro/img/6FjTH4dHCK1dTxUcG6P8wMoYP8M=/fit-in/64x64/filters:strip_icc()/pic4527702.jpg
331,9217,Saint Petersburg,2004,332,7.29,7.085,15003,/boardgame/9217/saint-petersburg,https://cf.geekdo-images.com/Yoidfpvt2eACASYUpbmsyg__micro/img/bcmOETQzRfO10riB4-iP6knp8VE=/fit-in/64x64/filters:strip_icc()/pic246360.jpg
676,160499,King of New York,2014,677,6.94,6.755,14940,/boardgame/160499/king-new-york,https://cf.geekdo-images.com/FGekxht_r5xqt8oSmQ9HZg__micro/img/ER8ewGSYy-b0WrM0pEZmPopPPYQ=/fit-in/64x64/filters:strip_icc()/pic2407103.jpg
20,316554,Dune: Imperium,2020,21,8.32,7.961,14897,/boardgame/316554/dune-imperium,https://cf.geekdo-images.com/PhjygpWSo-0labGrPBMyyg__micro/img/mfU7-dEFnVyXJrF-BWAO0buexao=/fit-in/64x64/filters:strip_icc()/pic5666597.jpg
288,77130,Sid Meier's Civilization: The Board Game,2010,289,7.4,7.147,14851,/boardgame/77130/sid-meiers-civilization-board-game,https://cf.geekdo-images.com/1WAfWHPi4Vvm1UCMtQaeaA__micro/img/Fbdc_d2M_CGVqOwoIN3DgAIxLak=/fit-in/64x64/filters:strip_icc()/pic798666.jpg
1095,43443,Castle Panic,2009,1096,6.65,6.487,14839,/boardgame/43443/castle-panic,https://cf.geekdo-images.com/S7fIwW5oKep1_Eov9kk91w__micro/img/Kpya1WCnksuU0NSKfaszsBENhqw=/fit-in/64x64/filters:strip_icc()/pic6123987.jpg
203,555,The Princes of Florence,2000,204,7.53,7.285,14776,/boardgame/555/princes-florence,https://cf.geekdo-images.com/yshiqrUPxndthguBgp3NKw__micro/img/XS2aIJpGaH7afM8nTt2s7BtryDg=/fit-in/64x64/filters:strip_icc()/pic1306997.jpg
932,823,The Lord of the Rings,2000,933,6.74,6.579,14750,/boardgame/823/lord-rings,https://cf.geekdo-images.com/y9fm5_x9oJ4nM-W-9WdKig__micro/img/1b8yq4dkTqeKOh-yQ09UiacBVpY=/fit-in/64x64/filters:strip_icc()/pic5510866.png
6682,2471,Zombies!!!,2001,6683,5.8,5.621,14720,/boardgame/2471/zombies,https://cf.geekdo-images.com/MLkRHrISvHx8plwBsCk9iw__micro/img/T4xkDjQCsVv6nCSQQAtSMdenYLg=/fit-in/64x64/filters:strip_icc()/pic2525171.jpg
77,182874,Grand Austria Hotel,2015,78,7.88,7.602,14715,/boardgame/182874/grand-austria-hotel,https://cf.geekdo-images.com/d4It-gdWY4GZVYSjbq20gQ__micro/img/zmZ-XLYa4qxusS-9osWBmPd9lQs=/fit-in/64x64/filters:strip_icc()/pic2728138.jpg
2088,131835,Boss Monster: The Dungeon Building Card Game,2013,2089,6.28,6.106,14706,/boardgame/131835/boss-monster-dungeon-building-card-game,https://cf.geekdo-images.com/VBwaHyx-NWL3VLcCWKRA0w__micro/img/-GpO03P2LimwRPJNj43gXjZ1DAw=/fit-in/64x64/filters:strip_icc()/pic1732644.jpg
137,43111,Chaos in the Old World,2009,138,7.68,7.407,14669,/boardgame/43111/chaos-old-world,https://cf.geekdo-images.com/yTe9522sHL-3nhfAMH2cTg__micro/img/KLaFtMCpPkj64VnhCnoXryGSaro=/fit-in/64x64/filters:strip_icc()/pic1318481.jpg
106,172287,Champions of Midgard,2015,107,7.76,7.486,14630,/boardgame/172287/champions-midgard,https://cf.geekdo-images.com/VJwOnMF5vwJg2Yaq6ozn3Q__micro/img/-RNDo77HZqz7-B__L7tFnYXCn8Q=/fit-in/64x64/filters:strip_icc()/pic2869714.jpg
101,155821,Inis,2016,102,7.81,7.507,14557,/boardgame/155821/inis,https://cf.geekdo-images.com/6QE8mnPFmauoj2THsyUYPA__micro/img/KzK9JEEodDn0EyHA8rJy2X0cyYA=/fit-in/64x64/filters:strip_icc()/pic4739757.jpg
510,155703,Evolution,2014,511,7.11,6.901,14543,/boardgame/155703/evolution,https://cf.geekdo-images.com/wo_EYno7S66psGPMl_JtiQ__micro/img/Iw4dBbb5esa4t5wlD7AdYiMqyAk=/fit-in/64x64/filters:strip_icc()/pic3543505.jpg
752,41,Can't Stop,1980,753,6.85,6.699,14493,/boardgame/41/cant-stop,https://cf.geekdo-images.com/JZpo3AnyFH4TqxKWFSFKGQ__micro/img/0QbseKbeBbtw9hCHurgPGJkpAJc=/fit-in/64x64/filters:strip_icc()/pic1046518.jpg
263,48726,Alien Frontiers,2010,264,7.4,7.184,14492,/boardgame/48726/alien-frontiers,https://cf.geekdo-images.com/UWZTWLXFfg_6HpXJmviL3g__micro/img/QSCc2y-vxXf0s2zAdKL9L9TaTLY=/fit-in/64x64/filters:strip_icc()/pic3360924.png
98,225694,Decrypto,2018,99,7.79,7.516,14481,/boardgame/225694/decrypto,https://cf.geekdo-images.com/hHZWXnUTMYDd_KTAM6Jwlw__micro/img/g7DQGNNf6ZFwYDGpe9kT3e4KELY=/fit-in/64x64/filters:strip_icc()/pic3759421.jpg
2674,1917,Stratego,1946,2675,6.1,5.974,14473,/boardgame/1917/stratego,https://cf.geekdo-images.com/O3JZyf9nB_2tGl4jpj8SPw__micro/img/6qiKGVHS46DBbIi39MY_zUPeFRc=/fit-in/64x64/filters:strip_icc()/pic25644.jpg
1641,811,Rummikub,1977,1642,6.4,6.24,14449,/boardgame/811/rummikub,https://cf.geekdo-images.com/LeaLDlTTmeN639MfuflcMw__micro/img/fsJobXzJjYhs2Xm27chyaiQMH2Q=/fit-in/64x64/filters:strip_icc()/pic2286966.jpg
290,59959,Letters from Whitechapel,2011,291,7.38,7.141,14403,/boardgame/59959/letters-whitechapel,https://cf.geekdo-images.com/H3G1t-oIjN9gEVVI21FoVg__micro/img/cujH9iiRm7desoZnWmXzjATLAOA=/fit-in/64x64/filters:strip_icc()/pic1545654.jpg
1181,63268,Spot it!,2009,1182,6.61,6.438,14329,/boardgame/63268/spot-it,https://cf.geekdo-images.com/4HTvfjwyEuydX6fDTYviWg__micro/img/lxBCJPYvZfU99Nw2AX-sjTmqNU4=/fit-in/64x64/filters:strip_icc()/pic3550651.jpg
477,156009,Port Royal,2014,478,7.13,6.93,14321,/boardgame/156009/port-royal,https://cf.geekdo-images.com/9lQIIxg_l6G-ZWmTqEHlOA__micro/img/5YB-aPjdT8ppVLiGAcBLQUfouu8=/fit-in/64x64/filters:strip_icc()/pic1949286.jpg
822,27588,Zooloretto,2007,823,6.83,6.658,14271,/boardgame/27588/zooloretto,https://cf.geekdo-images.com/FF_R0HV6APUKh0IW2w6oqw__micro/img/DSX3dt4AktNsOotiU6orBQau22g=/fit-in/64x64/filters:strip_icc()/pic2021685.png
245,286096,Tapestry,2019,246,7.46,7.204,14243,/boardgame/286096/tapestry,https://cf.geekdo-images.com/7kqDmkUMGxXHr1wNPA7Gvg__micro/img/3YMCw53b6I0NHJF6dwpOFOc6K2s=/fit-in/64x64/filters:strip_icc()/pic4884996.jpg
1888,12692,Gloom,2005,1889,6.33,6.166,14232,/boardgame/12692/gloom,https://cf.geekdo-images.com/jD7_Ir8gL_9AXC-wjnqjHg__micro/img/nZ-rpfOOh1Gkd_JLKAR5UV6fIEY=/fit-in/64x64/filters:strip_icc()/pic2080481.jpg
276,46213,Telestrations,2009,277,7.4,7.165,14111,/boardgame/46213/telestrations,https://cf.geekdo-images.com/oc3u6OQpJkf9TvDw4iI9xA__micro/img/_jLHA9bOGNzdZeUrYCfgUHHZbVA=/fit-in/64x64/filters:strip_icc()/pic4991936.jpg
308,199042,Harry Potter: Hogwarts Battle,2016,309,7.43,7.119,14072,/boardgame/199042/harry-potter-hogwarts-battle,https://cf.geekdo-images.com/ugYBvYxyWyx8_BqaFKZlGw__micro/img/iyrkaTWLSuOjaOCE3M7OwYb3RNM=/fit-in/64x64/filters:strip_icc()/pic3518231.jpg
36,285774,Marvel Champions: The Card Game,2019,37,8.2,7.802,14032,/boardgame/285774/marvel-champions-card-game,https://cf.geekdo-images.com/kRvUgYiaOq07kC67ZK5UoQ__micro/img/4DLQr45lpVBfCkiy-kVwhl4z4vQ=/fit-in/64x64/filters:strip_icc()/pic4900321.jpg
117,262712,Res Arcana,2019,118,7.74,7.457,13955,/boardgame/262712/res-arcana,https://cf.geekdo-images.com/gcALy45JfcjyKUn6T3mBIQ__micro/img/lGAmt1ncLJQjn8D9eilWID5pVNA=/fit-in/64x64/filters:strip_icc()/pic4422847.jpg
303,219513,B√§renpark,2017,304,7.35,7.128,13926,/boardgame/219513/barenpark,https://cf.geekdo-images.com/9JC16l1EMwmJkpbjaUBkpw__micro/img/4kDAm7tLUe-cIF3gM4g32_4Lbbw=/fit-in/64x64/filters:strip_icc()/pic3486218.jpg
282,172818,Above and Below,2015,283,7.4,7.151,13906,/boardgame/172818/above-and-below,https://cf.geekdo-images.com/U0wpvRmBe65e4vwGf0Jbpg__micro/img/FNt-19TVLHdehdXPXLpP6ch7M-U=/fit-in/64x64/filters:strip_icc()/pic2398773.jpg
217,198994,Hero Realms,2016,218,7.58,7.263,13901,/boardgame/198994/hero-realms,https://cf.geekdo-images.com/6xc4TuJynN5o_ZF0fHOdAA__micro/img/eam3ZSSq-J6bUY8ee_oZRs7CQDc=/fit-in/64x64/filters:strip_icc()/pic6162556.png
666,20100,Wits & Wagers,2005,667,6.93,6.762,13898,/boardgame/20100/wits-wagers,https://cf.geekdo-images.com/TxojLHTFHfBOBAk9MQSyLg__micro/img/dzKRcYtnRFYuMc11zrkHNRUs4GU=/fit-in/64x64/filters:strip_icc()/pic2558555.jpg
227,140620,Lewis & Clark: The Expedition,2013,228,7.48,7.248,13883,/boardgame/140620/lewis-clark-expedition,https://cf.geekdo-images.com/IiJ1JK6AjlSCKsC8U_DqMw__micro/img/S4aqpOMQRBpqEX7hcNgh0JSxqIs=/fit-in/64x64/filters:strip_icc()/pic5375937.jpg
1572,27627,Talisman: Revised 4th Edition,2007,1573,6.52,6.269,13883,/boardgame/27627/talisman-revised-4th-edition,https://cf.geekdo-images.com/PxQnAcYv74J-dJW_s6CHMA__micro/img/uHOsgjbuPAYoKXUd7CpwRtDtbVc=/fit-in/64x64/filters:strip_icc()/pic332870.jpg
185,215,Tichu,1991,186,7.58,7.316,13882,/boardgame/215/tichu,https://cf.geekdo-images.com/gz8_8iYP2SSGVAxpp7CwLg__micro/img/Zh8jmDHSaC7uODAT8h6CVmuS17c=/fit-in/64x64/filters:strip_icc()/pic5854968.png
212,199478,Flamme Rouge,2016,213,7.54,7.266,13875,/boardgame/199478/flamme-rouge,https://cf.geekdo-images.com/sUrK5CCscls-tTc2hJWDPg__micro/img/PTlyXvh_tmf5UpHHNWxbslhusrc=/fit-in/64x64/filters:strip_icc()/pic3482521.jpg
64,191189,Aeon's End,2016,65,8.01,7.667,13837,/boardgame/191189/aeons-end,https://cf.geekdo-images.com/d50LceHj6LIafa4S_qIsCg__micro/img/0El7f9TAr9UfvKlcsXYrBe8jEOc=/fit-in/64x64/filters:strip_icc()/pic3189350.jpg
295,21241,Neuroshima Hex! 3.0,2006,296,7.4,7.136,13802,/boardgame/21241/neuroshima-hex-30,https://cf.geekdo-images.com/8KB-cVXjNmYA6xuw-lo6eg__micro/img/k3SyRsZFaevVgQXWcjiu7zzmHtE=/fit-in/64x64/filters:strip_icc()/pic1844819.jpg
768,29368,Last Night on Earth: The Zombie Game,2007,769,6.93,6.69,13734,/boardgame/29368/last-night-earth-zombie-game,https://cf.geekdo-images.com/GDAMIquqrvUxS2qvJvmgXw__micro/img/7qV1KEEMOHfBZTxdl-cVuiwRQoQ=/fit-in/64x64/filters:strip_icc()/pic207777.jpg
194,176189,Zombicide: Black Plague,2015,195,7.67,7.299,13708,/boardgame/176189/zombicide-black-plague,https://cf.geekdo-images.com/kVHuMBxmathfnq42XINBQg__micro/img/17IfAug85jPaAXn4YYcYgtnXHCY=/fit-in/64x64/filters:strip_icc()/pic2482309.jpg
719,161417,Red7,2014,720,6.9,6.722,13659,/boardgame/161417/red7,https://cf.geekdo-images.com/7zH6Kt5ebWEixjDGmHweNA__micro/img/bt8RJ94CoATGfENN1ymIIeFqEjE=/fit-in/64x64/filters:strip_icc()/pic2247258.png
41,221107,Pandemic Legacy: Season 2,2017,42,8.11,7.784,13644,/boardgame/221107/pandemic-legacy-season-2,https://cf.geekdo-images.com/Qtkb-UTvHa0-kxt_MK1nKw__micro/img/eYV_Y45Hk66WceHroLlRqnHEHmg=/fit-in/64x64/filters:strip_icc()/pic3763549.jpg
240,97207,Dungeon Petz,2011,241,7.45,7.214,13491,/boardgame/97207/dungeon-petz,https://cf.geekdo-images.com/7JjAm9RM8E2pbu5KCCbsTQ__micro/img/sAJJZ3wL76E2goUQfFPZjPvVVHs=/fit-in/64x64/filters:strip_icc()/pic1103979.jpg
62,521,Crokinole,1876,63,7.95,7.672,13453,/boardgame/521/crokinole,https://cf.geekdo-images.com/7ejbxsn-UtLl3ehamuAEdw__micro/img/5UygdMxz3N_dTCkGlwVlgJXK_vg=/fit-in/64x64/filters:strip_icc()/pic79413.jpg
747,155362,Ca$h 'n Guns (Second Edition),2014,748,6.88,6.704,13377,/boardgame/155362/cah-n-guns-second-edition,https://cf.geekdo-images.com/b4qSA5fvVJe9QQOKPCMoNA__micro/img/vaB7Q7BJeKrXO4VedixjgmDBnuw=/fit-in/64x64/filters:strip_icc()/pic2907864.jpg
944,91536,Quarriors!,2011,945,6.75,6.568,13371,/boardgame/91536/quarriors,https://cf.geekdo-images.com/12Bgvi0MpA10redngwI5MA__micro/img/ftK6AjL6zNba91mMcFWWqAhQZuI=/fit-in/64x64/filters:strip_icc()/pic1604985.jpg
1027,278,Catan Card Game,1996,1028,6.71,6.528,13320,/boardgame/278/catan-card-game,https://cf.geekdo-images.com/CRCOv0p4FgZaze_3fGuhIA__micro/img/iloyeb-oT1HWFnnv7tcoswA8gqk=/fit-in/64x64/filters:strip_icc()/pic706443.jpg
45,185343,Anachrony,2017,46,8.11,7.755,13318,/boardgame/185343/anachrony,https://cf.geekdo-images.com/31quLNzteInnevVRAABoow__micro/img/CMEokoPk9cBV5A82_eBwjDJPMfE=/fit-in/64x64/filters:strip_icc()/pic3499707.jpg
222,19857,Glory to Rome,2005,223,7.49,7.253,13278,/boardgame/19857/glory-rome,https://cf.geekdo-images.com/S_-n-WRvpzgH-d8xuzJgmg__micro/img/RhyNzWNeEPIO6hULZvb7r99c_24=/fit-in/64x64/filters:strip_icc()/pic1079512.png
726,45,Perudo,1800,727,6.9,6.719,13220,/boardgame/45/perudo,https://cf.geekdo-images.com/UCiGSoCqbOsXS8JzZZC_SA__micro/img/DmMaSgHjMK6YabR0LH-hBmJ96rI=/fit-in/64x64/filters:strip_icc()/pic3949242.png
287,45315,Dungeon Lords,2009,288,7.38,7.148,13169,/boardgame/45315/dungeon-lords,https://cf.geekdo-images.com/7B3t9ZgAvTqaAMsrPsBjPg__micro/img/S0fEpiKWFw3HaB883TUvjIP63BE=/fit-in/64x64/filters:strip_icc()/pic569340.jpg
293,25292,Merchants & Marauders,2010,294,7.4,7.138,13149,/boardgame/25292/merchants-marauders,https://cf.geekdo-images.com/RmKYojYHmV8X-ebtNgaz-g__micro/img/SiaRHWgBMbF_dbgNVgtAxqCNz90=/fit-in/64x64/filters:strip_icc()/pic738119.jpg
215,20551,Shogun,2006,216,7.53,7.264,13133,/boardgame/20551/shogun,https://cf.geekdo-images.com/j6UzppDoJv9tKHQl-pWpIw__micro/img/hRYLArQb0yagWbKaDb419uzaUaU=/fit-in/64x64/filters:strip_icc()/pic3336315.jpg
341,265736,Tiny Towns,2019,342,7.32,7.076,13116,/boardgame/265736/tiny-towns,https://cf.geekdo-images.com/aE1EoOzr530gQin8bj8QDA__micro/img/tciAo9bu8JXQaYq6HDCBxsN2X0I=/fit-in/64x64/filters:strip_icc()/pic4460401.jpg
150,221194,Dinosaur Island,2017,151,7.68,7.376,13114,/boardgame/221194/dinosaur-island,https://cf.geekdo-images.com/hLJv1A1TwrMrLLIJhVpKVA__micro/img/2q4ZXl47RT-ehH3NTN5WBzp--BI=/fit-in/64x64/filters:strip_icc()/pic3429338.png
523,503,Through the Desert,1998,524,7.08,6.885,13100,/boardgame/503/through-desert,https://cf.geekdo-images.com/AuiR-lD7RsdYLXbxMaQI8A__micro/img/ah8j6bKKIJNTQjthAGLG7mZjGl4=/fit-in/64x64/filters:strip_icc()/pic3764263.jpg
443,191862,Imhotep,2016,444,7.18,6.958,13066,/boardgame/191862/imhotep,https://cf.geekdo-images.com/HkAt5n4R8XM0vNozl7fftA__micro/img/tLvdBjc8RBd6m9MBB7SAbyS6r9o=/fit-in/64x64/filters:strip_icc()/pic3029488.jpg
411,83330,Mansions of Madness,2011,412,7.29,6.993,13055,/boardgame/83330/mansions-madness,https://cf.geekdo-images.com/JtjGOgkaIxnLUeoV56cWFQ__micro/img/D9FUu4-BhBTw08yIZVjF9QplXiI=/fit-in/64x64/filters:strip_icc()/pic814011.jpg
448,171668,The Grizzled,2015,449,7.18,6.955,13051,/boardgame/171668/grizzled,https://cf.geekdo-images.com/5JuQCtSAeSZpAL3WgWdwow__micro/img/vWt_HVD0X_DPmHFFvFmUkKff9OA=/fit-in/64x64/filters:strip_icc()/pic3719610.png
649,256382,Disney Villainous,2018,650,7.05,6.775,12993,/boardgame/256382/disney-villainous,https://cf.geekdo-images.com/7Ej5V5Dq92QdvVFvISfl_A__micro/img/BCdE7g9OzVwSl3OQs-OYMlZcum8=/fit-in/64x64/filters:strip_icc()/pic4216110.jpg
210,158600,Hanamikoji,2013,211,7.53,7.269,12972,/boardgame/158600/hanamikoji,https://cf.geekdo-images.com/uiVZ7QVfRFQx3EBG8eDU8w__micro/img/r_l4DZAV17oE9_lEaqlAccTdCNY=/fit-in/64x64/filters:strip_icc()/pic6339446.png
457,125618,Libertalia,2012,458,7.15,6.946,12942,/boardgame/125618/libertalia,https://cf.geekdo-images.com/LeUx57CGYdnIEsnGebOB0A__micro/img/6zCaWsmb8Jp1wprYbT_IyHSe_Do=/fit-in/64x64/filters:strip_icc()/pic1326136.jpg
44,247763,Underwater Cities,2018,45,8.1,7.768,12751,/boardgame/247763/underwater-cities,https://cf.geekdo-images.com/PwOwTVHovJAUQgghnGqCOg__micro/img/9ftDcGDumAWKm_3hmu6JUwjb1aU=/fit-in/64x64/filters:strip_icc()/pic4837710.png
371,197376,Charterstone,2017,372,7.32,7.046,12748,/boardgame/197376/charterstone,https://cf.geekdo-images.com/yKjDaHQiv28iqtzDxfQOZQ__micro/img/TuSUnJIZZcIBzBKdjF2kSiaPIxM=/fit-in/64x64/filters:strip_icc()/pic3322613.jpg
305,119890,Agricola: All Creatures Big and Small,2012,306,7.37,7.127,12748,/boardgame/119890/agricola-all-creatures-big-and-small,https://cf.geekdo-images.com/iaxdcb_l3F8McwzyoiiCig__micro/img/wi1Fn1qHOX0BCYezqYneLTlmsfI=/fit-in/64x64/filters:strip_icc()/pic1514252.jpg
21631,2243,Yahtzee,1956,21632,5.41,5.375,12725,/boardgame/2243/yahtzee,https://cf.geekdo-images.com/dp-pJkUemCjhrwi9QItrPA__micro/img/3qjMWE7sjW6MLUCwOt0E7ihuGUE=/fit-in/64x64/filters:strip_icc()/pic378237.jpg
131,43015,Hansa Teutonica,2009,132,7.68,7.421,12654,/boardgame/43015/hansa-teutonica,https://cf.geekdo-images.com/3IkzYcplGfFtVrd3syClHg__micro/img/gSljCSjGBUwiOML1TUKVIMX1TJQ=/fit-in/64x64/filters:strip_icc()/pic839090.jpg
10522,2452,Jenga,1983,10523,5.62,5.549,12641,/boardgame/2452/jenga,https://cf.geekdo-images.com/YH5C06snaoJtDqKjwMROPw__micro/img/6evsKUeGon0CmYZyGz1GnHApHHg=/fit-in/64x64/filters:strip_icc()/pic5140451.jpg
115,266524,PARKS,2019,116,7.8,7.467,12639,/boardgame/266524/parks,https://cf.geekdo-images.com/mF2cSNRk2O6HtE45Sl9TcA__micro/img/-HROI5hgpItpxFauKvAzFbFgEns=/fit-in/64x64/filters:strip_icc()/pic4852372.jpg
654,71721,Space Hulk: Death Angel ‚Äì The Card Game,2010,655,7,6.771,12575,/boardgame/71721/space-hulk-death-angel-card-game,https://cf.geekdo-images.com/B0fdjhzvOdTJD65h1_1BNA__micro/img/H6Nil7Zw7E7ExOBcRI1kU8na1As=/fit-in/64x64/filters:strip_icc()/pic1873572.jpg
315,25554,Notre Dame,2007,316,7.33,7.103,12568,/boardgame/25554/notre-dame,https://cf.geekdo-images.com/d1g8Yh14XHf63H3VOC93AA__micro/img/7HR5lpqLIQ6ud7DIiAktP2tW0xw=/fit-in/64x64/filters:strip_icc()/pic199316.jpg
244,181279,Fury of Dracula (Third/Fourth Edition),2015,245,7.49,7.204,12474,/boardgame/181279/fury-dracula-thirdfourth-edition,https://cf.geekdo-images.com/iLiUp891Wqb5EE0gBqjBaA__micro/img/oZxfVfVooGiPtUcIveUUa247Vlg=/fit-in/64x64/filters:strip_icc()/pic4411188.jpg
1185,150312,Welcome to the Dungeon,2013,1186,6.58,6.437,12470,/boardgame/150312/welcome-dungeon,https://cf.geekdo-images.com/2w4G4Ltx0FFwW1XgkXg7Hw__micro/img/9wT63GjydBZiQj7v6xW22mRmqoU=/fit-in/64x64/filters:strip_icc()/pic2436689.jpg
656,483,Diplomacy,1959,657,7.04,6.77,12447,/boardgame/483/diplomacy,https://cf.geekdo-images.com/nogL4_97ys563HqEIM3PVA__micro/img/uO6daEsWGR6szWthqyW_94MGRfo=/fit-in/64x64/filters:strip_icc()/pic288149.jpg
163,31627,Ticket to Ride: Nordic Countries,2007,164,7.64,7.351,12351,/boardgame/31627/ticket-ride-nordic-countries,https://cf.geekdo-images.com/uiLW4kCvt86Tz2woZmIN5g__micro/img/_taodevE-4YoRQ231J4JwiwB7b0=/fit-in/64x64/filters:strip_icc()/pic369616.jpg
1330,2397,Backgammon,3000,1331,6.54,6.362,12302,/boardgame/2397/backgammon,https://cf.geekdo-images.com/_6HVCuGni6NunlrSje0ySQ__micro/img/dS4v8BYG9fva22OehUUk3VIluFE=/fit-in/64x64/filters:strip_icc()/pic1361122.jpg
639,69789,Ascension: Deckbuilding Game,2010,640,7.03,6.782,12286,/boardgame/69789/ascension-deckbuilding-game,https://cf.geekdo-images.com/DP20jf4R3RcsjJUwwV1vCw__micro/img/xB9CZNKRTQy7WSweAFcLA9JfrOY=/fit-in/64x64/filters:strip_icc()/pic2382123.jpg
367,66188,Fresco,2010,368,7.27,7.048,12263,/boardgame/66188/fresco,https://cf.geekdo-images.com/DCVRR-zA7Jy9wjuZudTZ8w__micro/img/TgVe3LwJ3sNYM50olu30L99Kz78=/fit-in/64x64/filters:strip_icc()/pic714398.jpg
485,133038,Pathfinder Adventure Card Game: Rise of the Runelords ‚Äì Base Set,2013,486,7.19,6.924,12262,/boardgame/133038/pathfinder-adventure-card-game-rise-runelords-base,https://cf.geekdo-images.com/oilW_2LuTedEdM0R2y3_MA__micro/img/uxanr-7i8FHXRtFnzMFGmg2hqrU=/fit-in/64x64/filters:strip_icc()/pic1775517.jpg
677,169654,Deep Sea Adventure,2014,678,6.96,6.754,12191,/boardgame/169654/deep-sea-adventure,https://cf.geekdo-images.com/owyKXaa5SPB2HG9F_MueNQ__micro/img/iXptFeoq3w2wNDW-ABy4MqvG2WI=/fit-in/64x64/filters:strip_icc()/pic3169827.png
479,34119,Tales of the Arabian Nights,2009,480,7.19,6.929,11983,/boardgame/34119/tales-arabian-nights,https://cf.geekdo-images.com/ibYzk1WgVEEnC0hnXdpqpg__micro/img/yNIyq6ZxGZlsHGzokYMMaK9T_P4=/fit-in/64x64/filters:strip_icc()/pic486114.jpg
120,146652,Legendary Encounters: An Alien Deck Building Game,2014,121,7.78,7.444,11943,/boardgame/146652/legendary-encounters-alien-deck-building-game,https://cf.geekdo-images.com/jSz_KRUxsjGYitoqx9YH1Q__micro/img/t589A9KaC7S6E4LN61DKRFw4T-k=/fit-in/64x64/filters:strip_icc()/pic2225180.jpg
1459,8098,Jungle Speed,1997,1460,6.49,6.303,11915,/boardgame/8098/jungle-speed,https://cf.geekdo-images.com/pb553nZgH3akaF24MzT7nA__micro/img/P4WLVpp2ebbH3QGPC9eGkD6kics=/fit-in/64x64/filters:strip_icc()/pic4659199.jpg
524,4390,Carcassonne: Hunters and Gatherers,2002,525,7.13,6.884,11738,/boardgame/4390/carcassonne-hunters-and-gatherers,https://cf.geekdo-images.com/NSD4L9c-rY5OOlJYFlQ2Wg__micro/img/24OH1Dg8dljTUr02UMMtjD3fONg=/fit-in/64x64/filters:strip_icc()/pic5647234.png
390,176396,Quadropolis,2016,391,7.27,7.021,11713,/boardgame/176396/quadropolis,https://cf.geekdo-images.com/y7kVtuCs6EfItCGUloqBAA__micro/img/mh60FBp6NTN5nGb-IBmX8YZ-VRU=/fit-in/64x64/filters:strip_icc()/pic2840020.jpg
777,37380,Roll Through the Ages: The Bronze Age,2008,778,6.87,6.685,11687,/boardgame/37380/roll-through-ages-bronze-age,https://cf.geekdo-images.com/VoLyy7ScO6aAU9Neo7KCiA__micro/img/BqNomXhrvbGqXBzQQBOJMHxlMTs=/fit-in/64x64/filters:strip_icc()/pic986758.jpg
74,200680,Agricola (Revised Edition),2016,75,8,7.624,11678,/boardgame/200680/agricola-revised-edition,https://cf.geekdo-images.com/Vf_0TrTfz9yll7rVBvYGsg__micro/img/-rkh8miCGz860ChoPFB0i_jjgog=/fit-in/64x64/filters:strip_icc()/pic3029377.jpg
88,172386,Mombasa,2015,89,7.87,7.553,11641,/boardgame/172386/mombasa,https://cf.geekdo-images.com/VceWk5QVkgIp6rWDl5qHKQ__micro/img/nHZMadoKR1T5fSg9V6rkR3e39M0=/fit-in/64x64/filters:strip_icc()/pic2611318.jpg
382,274960,Point Salad,2019,383,7.28,7.029,11629,/boardgame/274960/point-salad,https://cf.geekdo-images.com/Xy0W9NtEpX0EVjwgxO3IEA__micro/img/TRTwdSgE7fu2xERZGhGa53KXSyQ=/fit-in/64x64/filters:strip_icc()/pic4621571.png
358,155987,Abyss,2014,359,7.33,7.061,11583,/boardgame/155987/abyss,https://cf.geekdo-images.com/O9nPs9wrCghDF4izqFtoGQ__micro/img/O_nXkZIbaaS5EbyUUPv1zOOOx4g=/fit-in/64x64/filters:strip_icc()/pic1965255.jpg
594,699,HeroQuest,1989,595,7.15,6.812,11566,/boardgame/699/heroquest,https://cf.geekdo-images.com/Xs-1y-7jfcx8K1ybu1NkAQ__micro/img/S8oKKIo6BtbHjEmjJEYvt3hn0vg=/fit-in/64x64/filters:strip_icc()/pic338410.jpg
174,126042,Nations,2013,175,7.63,7.338,11485,/boardgame/126042/nations,https://cf.geekdo-images.com/-hn7gA50ci0n7j9u_-jHhA__micro/img/wqK9XigibGoPnVnMR9XimKtdtdI=/fit-in/64x64/filters:strip_icc()/pic1591406.png
410,17226,Descent: Journeys in the Dark,2005,411,7.3,6.993,11449,/boardgame/17226/descent-journeys-dark,https://cf.geekdo-images.com/915Abv-1k4_f_-__SkXybg__micro/img/6eqvyJfswNhEm3U55QRdNRSnDC8=/fit-in/64x64/filters:strip_icc()/pic249300.jpg
1476,1198,SET,1988,1477,6.49,6.299,11387,/boardgame/1198/set,https://cf.geekdo-images.com/yOWJiLykXC5RfOgRukdoKQ__micro/img/SHWKv5NtyltJs0Jy3mYad_DiOrk=/fit-in/64x64/filters:strip_icc()/pic3524881.jpg
148,17133,Railways of the World,2005,149,7.69,7.383,11352,/boardgame/17133/railways-world,https://cf.geekdo-images.com/Sz0wLg3TgycpzSvSMdzRJA__micro/img/Qp-qTxyFWOjO85ivNk_y3Edtp3w=/fit-in/64x64/filters:strip_icc()/pic3869603.jpg
1664,1219,Labyrinth,1986,1665,6.41,6.235,11328,/boardgame/1219/labyrinth,https://cf.geekdo-images.com/qpL225YNN5iKRPotB7Q7MA__micro/img/SnoM_CSCNK0KeW-SSzITfwvAbQo=/fit-in/64x64/filters:strip_icc()/pic6173371.jpg
21822,2921,The Game of Life,1960,21823,4.31,4.313,11324,/boardgame/2921/game-of-life,https://cf.geekdo-images.com/c4S2XDRb_DCYCAV-ZAzDpg__micro/img/uzzz5zVETv-0DRPZJk8ib9ntW-Y=/fit-in/64x64/filters:strip_icc()/pic288405.jpg
90,269385,The Lord of the Rings: Journeys in Middle-Earth,2019,91,8.01,7.55,11221,/boardgame/269385/lord-rings-journeys-middle-earth,https://cf.geekdo-images.com/1XA2-niwTBa0HEB7hOz3Dw__micro/img/yhbf5YV6KtavOaIVcFC1ZrDQE_0=/fit-in/64x64/filters:strip_icc()/pic4530974.jpg
332,31594,In the Year of the Dragon,2007,333,7.33,7.084,11189,/boardgame/31594/year-dragon,https://cf.geekdo-images.com/4X3HUNl0WsJnTcJYi7bu9Q__micro/img/9pbz7wOrUDyODYpO2MKxR8PXh18=/fit-in/64x64/filters:strip_icc()/pic285822.jpg
213,128621,Viticulture,2013,214,7.56,7.265,11181,/boardgame/128621/viticulture,https://cf.geekdo-images.com/WrnWFA1Sysm3-nQyBe1sUA__micro/img/9VtWtRAgJR0iCHf2vNdT8GFmfes=/fit-in/64x64/filters:strip_icc()/pic2619743.jpg
193,242302,Space Base,2018,194,7.6,7.302,11160,/boardgame/242302/space-base,https://cf.geekdo-images.com/yk9yv8hNWlNesafgXAKNDA__micro/img/pn85RaBnGIvPBLOXDfXXJItQ5b4=/fit-in/64x64/filters:strip_icc()/pic4017302.jpg
66,266810,Paladins of the West Kingdom,2019,67,8.03,7.655,11140,/boardgame/266810/paladins-west-kingdom,https://cf.geekdo-images.com/4nhokcLdYoo6ulbZ1rmGgA__micro/img/WMzScSxJICvIyErl47KBVoskhnQ=/fit-in/64x64/filters:strip_icc()/pic4462987.png
522,42215,Tobago,2009,523,7.11,6.885,11136,/boardgame/42215/tobago,https://cf.geekdo-images.com/fuC2C10_6QK84R45Mseojw__micro/img/_kHXvo0fM6UfxwKh1WS253YRPpA=/fit-in/64x64/filters:strip_icc()/pic596625.jpg
2016,1111,Taboo,1989,2017,6.29,6.128,11133,/boardgame/1111/taboo,https://cf.geekdo-images.com/e8wVvax1VqQkgCu_AST5Aw__micro/img/JmIhqbQ2Zs3cfp7_zJvy8IHBmUs=/fit-in/64x64/filters:strip_icc()/pic212946.jpg
95,281259,The Isle of Cats,2019,96,7.92,7.529,11116,/boardgame/281259/isle-cats,https://cf.geekdo-images.com/AuAheDzhkLufiZFE9JaRNA__micro/img/rx1j8qFjOrmsWHaQhseRKppXKSA=/fit-in/64x64/filters:strip_icc()/pic4781085.jpg
56,125153,The Gallerist,2015,57,8.06,7.688,11116,/boardgame/125153/gallerist,https://cf.geekdo-images.com/ie1GSt1XV04sXQXt-3O1UQ__micro/img/Zxap2me5W8VgLK_VNU_lY5vLnbA=/fit-in/64x64/filters:strip_icc()/pic2503200.png
202,9216,Goa,2004,203,7.58,7.286,11083,/boardgame/9216/goa,https://cf.geekdo-images.com/9sbSKcc-Fm8Od5wwuf3kgg__micro/img/82J531OMC1pTtolXwo-4ulMQPtM=/fit-in/64x64/filters:strip_icc()/pic1215969.jpg
376,138161,Firefly: The Game,2013,377,7.39,7.041,10949,/boardgame/138161/firefly-game,https://cf.geekdo-images.com/iRkRCqB6-J428N8JPjL5fg__micro/img/FFWJ5AAS2Xx0UcCAzWdggg-67hU=/fit-in/64x64/filters:strip_icc()/pic1727008.png
446,221965,The Fox in the Forest,2017,447,7.2,6.955,10879,/boardgame/221965/fox-forest,https://cf.geekdo-images.com/spcy6nvsfq-hxYgwEpmidQ__micro/img/JIsg3_QQ0J-4frq74pDnlBJO5j8=/fit-in/64x64/filters:strip_icc()/pic3496085.jpg
257,206718,Ethnos,2017,258,7.48,7.19,10875,/boardgame/206718/ethnos,https://cf.geekdo-images.com/UIKUXkcnH3Bd4fjcPGINcA__micro/img/CXwKLTFbze6qDzCDGOlSygJ9-Fg=/fit-in/64x64/filters:strip_icc()/pic3304124.png
104,233371,Clank! In! Space!: A Deck-Building Adventure,2017,105,7.85,7.492,10760,/boardgame/233371/clank-space-deck-building-adventure,https://cf.geekdo-images.com/haDQw7X8Z0VOItfow9eDtg__micro/img/ft8GB8AfU53V5KqpeK-7JHhRJdQ=/fit-in/64x64/filters:strip_icc()/pic3720843.jpg
94,203993,Lorenzo il Magnifico,2016,95,7.88,7.529,10745,/boardgame/203993/lorenzo-il-magnifico,https://cf.geekdo-images.com/8G6GkImjt0F_L5aYb8fmtQ__micro/img/kDuDqsd-uzh0n9aqlsEoHXZbgfY=/fit-in/64x64/filters:strip_icc()/pic3175535.jpg
285,136888,Bruges,2013,286,7.42,7.149,10698,/boardgame/136888/bruges,https://cf.geekdo-images.com/A8JeebUT3mu4zUmYs9clDQ__micro/img/TJKl9aW__kx5LARqWoetuxScnFk=/fit-in/64x64/filters:strip_icc()/pic1652004.jpg
39,276025,Maracaibo,2019,40,8.2,7.794,10683,/boardgame/276025/maracaibo,https://cf.geekdo-images.com/rMNa0k05zMdKgSEp26Q3Tw__micro/img/rDI-yCgwVbB_szRjUWOY8IKIdUk=/fit-in/64x64/filters:strip_icc()/pic4917407.jpg
327,90137,Blood Bowl: Team Manager ‚Äì The Card Game,2011,328,7.38,7.09,10642,/boardgame/90137/blood-bowl-team-manager-card-game,https://cf.geekdo-images.com/45THq8eYHMqv3wEfckUVmQ__micro/img/m4ejaQ2X3jUrWIM2Y5Hfy7t30Uk=/fit-in/64x64/filters:strip_icc()/pic1222746.jpg
815,131260,Qwixx,2012,816,6.87,6.665,10637,/boardgame/131260/qwixx,https://cf.geekdo-images.com/aOt-bT9nDzZdWl0dUqLy4w__micro/img/fQjcFr2tJVOE1E22PyNzxkMwHAw=/fit-in/64x64/filters:strip_icc()/pic1950487.jpg
260,93260,Summoner Wars: Master Set,2011,261,7.5,7.188,10569,/boardgame/93260/summoner-wars-master-set,https://cf.geekdo-images.com/JvkUZy1YS7V9GX-7JutIYg__micro/img/4NJsS-pFS6ZhKhm3Xf4OZhPWgrU=/fit-in/64x64/filters:strip_icc()/pic923048.jpg
1500,98,Axis & Allies,1981,1501,6.56,6.291,10497,/boardgame/98/axis-allies,https://cf.geekdo-images.com/pWUe-w4DpXdcmH6GqbZqCw__micro/img/jAA9n4cfNwZ1HLmTCvo7kVxU-Mg=/fit-in/64x64/filters:strip_icc()/pic24006.jpg
661,183840,Oh My Goods!,2015,662,7,6.766,10431,/boardgame/183840/oh-my-goods,https://cf.geekdo-images.com/nYIjEKh_0nYX48uD_tLawA__micro/img/YcEgw_a9NzN0VOGjc6IF7UWY6bY=/fit-in/64x64/filters:strip_icc()/pic3032677.jpg
142,220877,Rajas of the Ganges,2017,143,7.72,7.392,10422,/boardgame/220877/rajas-ganges,https://cf.geekdo-images.com/hR5sxxqNY3gjvLwifaqRww__micro/img/sKKxT9rwkJ1mq4miIA7vKBB4QKU=/fit-in/64x64/filters:strip_icc()/pic3646165.jpg
1104,25821,The Werewolves of Miller's Hollow,2001,1105,6.72,6.484,10376,/boardgame/25821/werewolves-millers-hollow,https://cf.geekdo-images.com/gBxf-8tL9SnYglYY7dEpJA__micro/img/BypvNuqDF7dx1Xu1IteixSMRco0=/fit-in/64x64/filters:strip_icc()/pic510856.jpg
514,6472,A Game of Thrones,2003,515,7.2,6.893,10271,/boardgame/6472/game-thrones,https://cf.geekdo-images.com/Gr3qfzoK-428kv1M9WUG1Q__micro/img/h_LlyZfyUuZI4X7B_N_cAOY9Zl0=/fit-in/64x64/filters:strip_icc()/pic1222116.jpg
750,53953,Thunderstone,2009,751,6.93,6.699,10258,/boardgame/53953/thunderstone,https://cf.geekdo-images.com/pVyy-LSVBIMQ0GUsvsIfww__micro/img/y7uEhWDhVNNjXTvns7YQDZso4xA=/fit-in/64x64/filters:strip_icc()/pic544780.jpg
340,256226,Azul: Stained Glass of Sintra,2018,341,7.38,7.077,10250,/boardgame/256226/azul-stained-glass-sintra,https://cf.geekdo-images.com/RrYR1xB8H7D1B5GwNV8jgQ__micro/img/AtyuEN6MIFbxjnV9W-XnnSVG-fo=/fit-in/64x64/filters:strip_icc()/pic4212417.jpg
320,39683,At the Gates of Loyang,2009,321,7.38,7.096,10238,/boardgame/39683/gates-loyang,https://cf.geekdo-images.com/xnC5RT14H1CgAueR7VTPzw__micro/img/Yw1NG79FQi-9q_uvPkDR6tw5iEc=/fit-in/64x64/filters:strip_icc()/pic3601060.jpg
805,160851,Lanterns: The Harvest Festival,2015,806,6.9,6.671,10188,/boardgame/160851/lanterns-harvest-festival,https://cf.geekdo-images.com/JmY4nVWwW98qEn0NRbKdTw__micro/img/6apbW267uJcPRtwllvHWDsYjnEw=/fit-in/64x64/filters:strip_icc()/pic2372790.png
543,220,High Society,1995,544,7.1,6.859,10155,/boardgame/220/high-society,https://cf.geekdo-images.com/_3wm5Ikl8NtF6oTQ5KT-1g__micro/img/PIiqmn_GLlNpcbrCRHnGhyk7xHw=/fit-in/64x64/filters:strip_icc()/pic3894197.jpg
444,97786,Small World Underground,2011,445,7.26,6.956,10149,/boardgame/97786/small-world-underground,https://cf.geekdo-images.com/qFmyurPNiCM8UPtP38mQpg__micro/img/g_sE8GUYvp5y3FTOQin9USFk6k8=/fit-in/64x64/filters:strip_icc()/pic979889.jpg
138,9609,War of the Ring,2004,139,7.77,7.406,10148,/boardgame/9609/war-ring,https://cf.geekdo-images.com/JmdqlBJBynZMOciZzkVIkw__micro/img/5fELjUyjR0JJCJnwKhqMbJSyBis=/fit-in/64x64/filters:strip_icc()/pic725882.jpg
151,70149,Ora et Labora,2011,152,7.7,7.376,10132,/boardgame/70149/ora-et-labora,https://cf.geekdo-images.com/MLvyN4VJ3QNXBKxli8XLiA__micro/img/9X7D00vKQZ4sKrVD2LRjUIV5Lwk=/fit-in/64x64/filters:strip_icc()/pic5089618.jpg
512,257501,KeyForge: Call of the Archons,2018,513,7.22,6.895,10123,/boardgame/257501/keyforge-call-archons,https://cf.geekdo-images.com/ZzJ2NGZz4CXxr1VIRkQZtA__micro/img/kLTWhBxBGkyxVewnEjZgnBj45cw=/fit-in/64x64/filters:strip_icc()/pic4298867.jpg
406,150,PitchCar,1995,407,7.27,6.999,10023,/boardgame/150/pitchcar,https://cf.geekdo-images.com/lvC1qJo4-RQ_zqudi_oRmA__micro/img/p_GJ_pe8RTAR83JsqHUxK4n0NJc=/fit-in/64x64/filters:strip_icc()/pic215555.jpg
645,168435,Between Two Cities,2015,646,7.02,6.778,10011,/boardgame/168435/between-two-cities,https://cf.geekdo-images.com/7KO73MdSD1yCUvKmb4pOgA__micro/img/F29uu0U-zgfgU3AoGQW5xSPXeUM=/fit-in/64x64/filters:strip_icc()/pic6352795.jpg
136,287954,Azul: Summer Pavilion,2019,137,7.78,7.409,9973,/boardgame/287954/azul-summer-pavilion,https://cf.geekdo-images.com/843kZ6WR0HfyXWEybA6L7A__micro/img/856O6uUDr2GpOo4vyEUiWDLyzko=/fit-in/64x64/filters:strip_icc()/pic4930887.jpg
241,22545,Age of Empires III: The Age of Discovery,2007,242,7.53,7.21,9968,/boardgame/22545/age-empires-iii-age-discovery,https://cf.geekdo-images.com/t_4cyWZs2IC5s6V8t-R_Uw__micro/img/lBTbomgQVz0A2KO-fRkSeokLHEQ=/fit-in/64x64/filters:strip_icc()/pic990261.jpg
1247,19237,Ca$h 'n Gun$,2005,1248,6.57,6.4,9899,/boardgame/19237/cah-n-gun,https://cf.geekdo-images.com/_UpTZr1itCcHdnnbuTUnQQ__micro/img/bZYwWVdrrsz3IvAbeczynpzumyc=/fit-in/64x64/filters:strip_icc()/pic87523.jpg
445,133848,Euphoria: Build a Better Dystopia,2013,446,7.24,6.956,9877,/boardgame/133848/euphoria-build-better-dystopia,https://cf.geekdo-images.com/aaEdtCTpdlDLTn_tuDuC0g__micro/img/rwg0-xym6pTj6PXQxUtMMDOgMxk=/fit-in/64x64/filters:strip_icc()/pic1615561.jpg
629,68425,Eminent Domain,2011,630,7.02,6.787,9867,/boardgame/68425/eminent-domain,https://cf.geekdo-images.com/Dn3gJBq-k8Zww4a5yCzgOQ__micro/img/U9ua5ZkocHrznTVmkAZZUn95WP0=/fit-in/64x64/filters:strip_icc()/pic1160506.jpg
414,194607,Mystic Vale,2016,415,7.28,6.991,9857,/boardgame/194607/mystic-vale,https://cf.geekdo-images.com/2cf8lebaIrJ8Z62HGEs2wQ__micro/img/qxdWmdoWwFLdn6q28pHUTkjclbg=/fit-in/64x64/filters:strip_icc()/pic3287905.png
1006,11971,Cockroach Poker,2004,1007,6.75,6.538,9856,/boardgame/11971/cockroach-poker,https://cf.geekdo-images.com/lHadyVLPUQfNz_qV6MMp_Q__micro/img/5wdWHhzUjFDUVrNzfvUSHz0DkgU=/fit-in/64x64/filters:strip_icc()/pic3218988.jpg
158,188920,This War of Mine: The Board Game,2017,159,7.81,7.361,9852,/boardgame/188920/war-mine-board-game,https://cf.geekdo-images.com/gQOQW7p1RWHzY54Lrs-_pA__micro/img/i83NwyHeRGbOAKsPQZZyQ0DEn2E=/fit-in/64x64/filters:strip_icc()/pic3315915.jpg
128,271324,It's a Wonderful World,2019,129,7.82,7.431,9844,/boardgame/271324/its-wonderful-world,https://cf.geekdo-images.com/od4vDTdXGPSVc-kjLqM11w__micro/img/ZtJTSG15QyoG9zz0XZ9BKTBqb84=/fit-in/64x64/filters:strip_icc()/pic4651175.jpg
529,117959,Las Vegas,2012,530,7.13,6.878,9833,/boardgame/117959/las-vegas,https://cf.geekdo-images.com/aQJ0HRKx2mobP0g3FCeR_Q__micro/img/weqp-j9Rj5yGki9kdHHy02LVKWE=/fit-in/64x64/filters:strip_icc()/pic1261796.jpg
107,196340,Yokohama,2016,108,7.85,7.485,9830,/boardgame/196340/yokohama,https://cf.geekdo-images.com/ocI_xrJ7A-cDTTMUoYBNzw__micro/img/p3q7SACebkLO1KXHYk5Cg7uh1xk=/fit-in/64x64/filters:strip_icc()/pic3600984.jpg
399,150658,Pandemic: The Cure,2014,400,7.29,7.008,9818,/boardgame/150658/pandemic-cure,https://cf.geekdo-images.com/gCeKvj1ULixFOJ7uFawkcg__micro/img/kOqpAdJ4zm9qCNFRYhMahTB2L2c=/fit-in/64x64/filters:strip_icc()/pic2225998.jpg
216,27833,Steam,2009,217,7.58,7.264,9760,/boardgame/27833/steam,https://cf.geekdo-images.com/IB38fOp0mTvFuvfdHczf0Q__micro/img/EDtwxaag6f945ox_dgEeKDl0PbA=/fit-in/64x64/filters:strip_icc()/pic392515.jpg
1085,1115,Poker,1810,1086,6.72,6.494,9742,/boardgame/1115/poker,https://cf.geekdo-images.com/QhsvR9GY0LbTpj27fairWA__micro/img/3Q678GlEKr9khsd1KD4sZjypMFU=/fit-in/64x64/filters:strip_icc()/pic186610.jpg
262,203420,Exit: The Game ‚Äì The Abandoned Cabin,2016,263,7.5,7.186,9729,/boardgame/203420/exit-game-abandoned-cabin,https://cf.geekdo-images.com/r7cZVZMpP28w3-JQ-EYY7g__micro/img/IjD4UjuAAzdYeqiz4cuxl0yUuTo=/fit-in/64x64/filters:strip_icc()/pic3332426.jpg
179,245638,Coimbra,2018,180,7.67,7.329,9682,/boardgame/245638/coimbra,https://cf.geekdo-images.com/JJFHx0RiUBYdy9bHAgVSuA__micro/img/DCHbPk0jG0PdiVSloHcLQANF9Tc=/fit-in/64x64/filters:strip_icc()/pic3956079.jpg
370,215311,Downforce,2017,371,7.34,7.046,9656,/boardgame/215311/downforce,https://cf.geekdo-images.com/c74C-NVJHuMVxt6A_j2TsA__micro/img/hPjsIJFYINR_CaODfGvJg0GU0F8=/fit-in/64x64/filters:strip_icc()/pic3432548.png
284,143693,Glass Road,2013,285,7.45,7.149,9649,/boardgame/143693/glass-road,https://cf.geekdo-images.com/qJCgEh5Icl7Ed1z2F56yxg__micro/img/jRjihu_ejNvlHxkYL_RUQVjLccw=/fit-in/64x64/filters:strip_icc()/pic5895433.jpg
1231,139030,Mascarade,2013,1232,6.6,6.405,9636,/boardgame/139030/mascarade,https://cf.geekdo-images.com/WRRQtWATtDSAoVUW1pN_8A__micro/img/9vYm_M8QVW7DgNuYgmmqF5Oo3aU=/fit-in/64x64/filters:strip_icc()/pic6484232.png
155,282524,Horrified,2019,156,7.78,7.369,9630,/boardgame/282524/horrified,https://cf.geekdo-images.com/SoClIcwjDo_iZs0idVikDw__micro/img/crkkHGsjssAoafxkIgWEmRrfa88=/fit-in/64x64/filters:strip_icc()/pic4848330.jpg
494,91312,Discworld: Ankh-Morpork,2011,495,7.24,6.916,9597,/boardgame/91312/discworld-ankh-morpork,https://cf.geekdo-images.com/oPDDEVveK_Pfrd79cEakRg__micro/img/1KxFJSQLEypJD-O6QCTKf5IP1p4=/fit-in/64x64/filters:strip_icc()/pic1062739.jpg
626,73761,K2,2010,627,7.04,6.788,9588,/boardgame/73761/k2,https://cf.geekdo-images.com/JlUNpGfe_k7FSYLTrh0ovw__micro/img/S7fGkHYKugYu1bZbqGXwB1eh7pg=/fit-in/64x64/filters:strip_icc()/pic5875489.jpg
209,155068,Arcadia Quest,2014,210,7.68,7.27,9583,/boardgame/155068/arcadia-quest,https://cf.geekdo-images.com/8qyLCqvdZkSpT2lEbwVpeg__micro/img/8iZ2JWbOrUORY-kskMXQuPIa20Q=/fit-in/64x64/filters:strip_icc()/pic2305263.jpg
301,176920,Mission: Red Planet (Second Edition),2015,302,7.44,7.131,9582,/boardgame/176920/mission-red-planet-second-edition,https://cf.geekdo-images.com/qMUyGstRWieYOyTVA1vsNQ__micro/img/y25nT2WQ8f7Mp_Pm0GbiV6ux5V0=/fit-in/64x64/filters:strip_icc()/pic2499748.jpg
496,141572,Paperback,2014,497,7.18,6.915,9556,/boardgame/141572/paperback,https://cf.geekdo-images.com/ekb86vFJsW5XpaW7dKHkcg__micro/img/Qh3SASYQC_LYEBpdJAAkxSvmdKA=/fit-in/64x64/filters:strip_icc()/pic6247451.jpg
1283,15818,Pickomino,2005,1284,6.57,6.382,9498,/boardgame/15818/pickomino,https://cf.geekdo-images.com/gWIFE9exHsFPBwTlja41Yg__micro/img/vtT7TmExwW2NKB0N7Z8BT5B5de0=/fit-in/64x64/filters:strip_icc()/pic2345051.jpg
2191,40398,Monopoly Deal Card Game,2008,2192,6.29,6.081,9459,/boardgame/40398/monopoly-deal-card-game,https://cf.geekdo-images.com/8kHMSAvFxf-ygPoTEf3lsg__micro/img/h6wKMHrQ9g6iyhg_flYCUJa4M_g=/fit-in/64x64/filters:strip_icc()/pic716758.jpg
186,146886,La Granja,2014,187,7.65,7.314,9458,/boardgame/146886/la-granja,https://cf.geekdo-images.com/ufUK_7N_13rYhsIurbbtzg__micro/img/PZzTjwB7wFkr6oJINX9PJQAcAQI=/fit-in/64x64/filters:strip_icc()/pic2031777.jpg
43,251247,Barrage,2019,44,8.22,7.775,9444,/boardgame/251247/barrage,https://cf.geekdo-images.com/jEPmWvvYpqkWrKOzqIHFsg__micro/img/Uwm0ZfmY4ZNWWxlackDXrsmS-Io=/fit-in/64x64/filters:strip_icc()/pic4336469.png
125,4098,Age of Steam,2002,126,7.8,7.438,9439,/boardgame/4098/age-steam,https://cf.geekdo-images.com/gBPzZsgm9nrUYVfdK216NA__micro/img/0tMmdFL1zUP7IRCEIkp_kUnLz0s=/fit-in/64x64/filters:strip_icc()/pic4557340.png
492,183251,Karuba,2015,493,7.2,6.917,9439,/boardgame/183251/karuba,https://cf.geekdo-images.com/hhV3JiYZUHEi_glLhC0v8w__micro/img/vcXEgLP2UWZnB10pK7piy8qcJFY=/fit-in/64x64/filters:strip_icc()/pic2727088.jpg
484,97842,Last Will,2011,485,7.19,6.925,9417,/boardgame/97842/last-will,https://cf.geekdo-images.com/lJ-yg0oUpHLWI6If6Q-JbA__micro/img/AzJihxrvCl5Bh8bES_tTUWHqRyQ=/fit-in/64x64/filters:strip_icc()/pic2442432.jpg
1855,27225,Bananagrams,2006,1856,6.36,6.179,9417,/boardgame/27225/bananagrams,https://cf.geekdo-images.com/1QjYPI4bXx4OUMJPlrsNBA__micro/img/pksarHlksthIeYBhJMcGBVoyFs0=/fit-in/64x64/filters:strip_icc()/pic2463443.jpg
229,127060,Bora Bora,2013,230,7.57,7.24,9403,/boardgame/127060/bora-bora,https://cf.geekdo-images.com/9YEjZIVdWVcUVWC7o8aKsQ__micro/img/5u_3K8SrN_BmhgfSTUCT3ACDHx4=/fit-in/64x64/filters:strip_icc()/pic1542342.jpg
535,30869,Thebes,2007,536,7.13,6.868,9359,/boardgame/30869/thebes,https://cf.geekdo-images.com/T4EH02wIepQC4DzyEEY1MQ__micro/img/FIYylrFqxaA90xff_8gdnucBe4o=/fit-in/64x64/filters:strip_icc()/pic2723204.jpg
1070,173090,The Game,2015,1071,6.71,6.502,9350,/boardgame/173090/game,https://cf.geekdo-images.com/g4pn1ieUKfIhERl5Ym6joQ__micro/img/lJQSPch869wPNgcbJFoV-3OVKsY=/fit-in/64x64/filters:strip_icc()/pic4203279.png
